dt,AverageTemperature,AverageTemperatureUncertainty,Country
1835-01-01,15.81,1.484,Mexico
1835-02-01,14.911,1.579,Mexico
1835-03-01,16.826,1.858,Mexico
1835-04-01,19.925,1.966,Mexico
1835-05-01,22.037,1.609,Mexico
1835-06-01,23.458,1.93,Mexico
1835-07-01,23.173,1.867,Mexico
1835-08-01,22.731,1.331,Mexico
1835-09-01,21.046,1.994,Mexico
1835-10-01,19.052,1.241,Mexico
1835-11-01,15.499999999999998,1.736,Mexico
1835-12-01,13.45,1.614,Mexico
1836-01-01,14.815,1.198,Mexico
1836-02-01,15.823,1.6909999999999998,Mexico
1836-03-01,18.044,1.267,Mexico
1836-04-01,20.422,1.264,Mexico
1836-05-01,22.108,1.429,Mexico
1836-06-01,23.753,1.402,Mexico
1836-07-01,24.284,1.705,Mexico
1836-08-01,23.491999999999997,1.548,Mexico
1836-09-01,22.345,2.0340000000000003,Mexico
1836-10-01,19.701,3.323,Mexico
1836-11-01,15.816,1.656,Mexico
1836-12-01,14.443,1.827,Mexico
1837-01-01,14.956,1.66,Mexico
1837-02-01,15.899,1.4169999999999998,Mexico
1837-03-01,17.052,1.496,Mexico
1837-04-01,18.938,1.4269999999999998,Mexico
1837-05-01,21.883000000000003,1.461,Mexico
1837-06-01,24.024,1.769,Mexico
1837-07-01,24.712,1.4780000000000002,Mexico
1837-08-01,24.266,1.344,Mexico
1837-09-01,22.455,1.272,Mexico
1837-10-01,19.535,1.903,Mexico
1837-11-01,17.296,1.746,Mexico
1837-12-01,15.037,2.799,Mexico
1838-01-01,12.481,2.352,Mexico
1838-02-01,13.601,1.4,Mexico
1838-03-01,17.444000000000006,1.511,Mexico
1838-04-01,20.592,1.443,Mexico
1838-05-01,21.568,1.253,Mexico
1838-06-01,24.476,1.509,Mexico
1838-07-01,24.739,2.454,Mexico
1838-08-01,23.991999999999997,2.235,Mexico
1838-09-01,22.155,1.453,Mexico
1838-10-01,19.933,2.664,Mexico
1838-11-01,16.583,2.168,Mexico
1838-12-01,14.48,1.907,Mexico
1839-01-01,15.215,1.412,Mexico
1839-02-01,16.076999999999998,1.63,Mexico
1839-03-01,16.397000000000002,1.33,Mexico
1839-04-01,21.592,1.672,Mexico
1839-05-01,22.624,1.219,Mexico
1839-06-01,24.574,1.35,Mexico
1839-07-01,25.007,2.417,Mexico
1839-08-01,24.449,1.902,Mexico
1839-09-01,22.627,1.497,Mexico
1839-10-01,20.228,1.665,Mexico
1839-11-01,15.721999999999998,1.653,Mexico
1839-12-01,12.918,1.489,Mexico
1840-01-01,15.504,1.319,Mexico
1840-02-01,15.911,2.264,Mexico
1840-03-01,17.822000000000006,1.658,Mexico
1840-04-01,20.745,1.938,Mexico
1840-05-01,22.483,1.4880000000000002,Mexico
1840-06-01,24.664,1.346,Mexico
1840-07-01,25.105,1.3730000000000002,Mexico
1840-08-01,23.91200000000001,1.378,Mexico
1840-09-01,22.386,1.389,Mexico
1840-10-01,19.403,1.555,Mexico
1840-11-01,16.04,2.364,Mexico
1840-12-01,14.62,1.517,Mexico
1841-01-01,13.550999999999998,1.784,Mexico
1841-02-01,15.903,1.4880000000000002,Mexico
1841-03-01,17.162000000000006,2.533,Mexico
1841-04-01,20.359,1.508,Mexico
1841-05-01,22.965,1.232,Mexico
1841-06-01,24.271,1.3130000000000002,Mexico
1841-07-01,25.453000000000003,1.467,Mexico
1841-08-01,24.284,1.371,Mexico
1841-09-01,22.35,1.337,Mexico
1841-10-01,20.311,1.431,Mexico
1841-11-01,17.014,1.318,Mexico
1841-12-01,15.233,1.673,Mexico
1842-01-01,15.107,1.579,Mexico
1842-02-01,16.211,1.579,Mexico
1842-03-01,20.153,1.855,Mexico
1842-04-01,21.171,1.756,Mexico
1842-05-01,23.069000000000003,1.402,Mexico
1842-06-01,24.133000000000003,1.2819999999999998,Mexico
1842-07-01,24.021,1.35,Mexico
1842-08-01,23.812,1.422,Mexico
1842-09-01,22.372,1.288,Mexico
1842-10-01,20.046,1.336,Mexico
1842-11-01,16.761999999999997,1.61,Mexico
1842-12-01,15.556,1.442,Mexico
1843-01-01,15.826,1.501,Mexico
1843-02-01,16.762999999999998,1.355,Mexico
1843-03-01,17.974,1.905,Mexico
1843-04-01,21.179,1.604,Mexico
1843-05-01,22.69,1.283,Mexico
1843-06-01,23.965,1.408,Mexico
1843-07-01,24.222,1.261,Mexico
1843-08-01,23.712,1.578,Mexico
1843-09-01,22.81,1.18,Mexico
1843-10-01,19.825,1.51,Mexico
1843-11-01,18.131,1.337,Mexico
1843-12-01,16.183,2.019,Mexico
1844-01-01,15.388,1.354,Mexico
1844-02-01,16.374000000000002,1.423,Mexico
1844-03-01,17.942,1.745,Mexico
1844-04-01,20.563,1.29,Mexico
1844-05-01,22.554,1.187,Mexico
1844-06-01,23.912,1.232,Mexico
1844-07-01,24.608,1.252,Mexico
1844-08-01,23.77,1.936,Mexico
1844-09-01,22.062,1.266,Mexico
1844-10-01,20.407,1.195,Mexico
1844-11-01,16.814999999999998,1.3119999999999998,Mexico
1844-12-01,13.683,1.493,Mexico
1845-01-01,15.612,1.5519999999999998,Mexico
1845-02-01,15.537,2.3480000000000003,Mexico
1845-03-01,17.801000000000005,1.412,Mexico
1845-04-01,20.808000000000003,1.4069999999999998,Mexico
1845-05-01,22.656,1.411,Mexico
1845-06-01,24.154,1.466,Mexico
1845-07-01,24.635,1.286,Mexico
1845-08-01,24.1,1.182,Mexico
1845-09-01,22.594,1.308,Mexico
1845-10-01,19.313,1.3630000000000002,Mexico
1845-11-01,16.854,1.3969999999999998,Mexico
1845-12-01,13.265,1.812,Mexico
1846-01-01,15.861,1.598,Mexico
1846-02-01,16.154999999999998,1.475,Mexico
1846-03-01,19.585,1.5019999999999998,Mexico
1846-04-01,19.849,1.516,Mexico
1846-05-01,23.099,1.6569999999999998,Mexico
1846-06-01,24.972,1.483,Mexico
1846-07-01,25.343000000000004,1.606,Mexico
1846-08-01,24.167,1.355,Mexico
1846-09-01,23.146,1.636,Mexico
1846-10-01,19.977,1.233,Mexico
1846-11-01,17.782,1.592,Mexico
1846-12-01,16.566,1.253,Mexico
1847-01-01,14.514,3.699,Mexico
1847-02-01,16.455,1.294,Mexico
1847-03-01,16.897000000000002,1.964,Mexico
1847-04-01,21.064,1.366,Mexico
1847-05-01,22.401,1.318,Mexico
1847-06-01,24.406999999999996,1.584,Mexico
1847-07-01,24.691,1.406,Mexico
1847-08-01,24.085,1.331,Mexico
1847-09-01,22.858,1.262,Mexico
1847-10-01,20.473,1.247,Mexico
1847-11-01,17.538999999999998,1.3159999999999998,Mexico
1847-12-01,14.034,1.7719999999999998,Mexico
1848-01-01,14.02,1.51,Mexico
1848-02-01,17.229,1.352,Mexico
1848-03-01,18.15,1.25,Mexico
1848-04-01,20.375,1.3330000000000002,Mexico
1848-05-01,22.779,1.465,Mexico
1848-06-01,23.898000000000003,1.5219999999999998,Mexico
1848-07-01,24.935,1.725,Mexico
1848-08-01,24.151,1.467,Mexico
1848-09-01,22.266,1.415,Mexico
1848-10-01,20.716,1.335,Mexico
1848-11-01,16.403,1.247,Mexico
1848-12-01,14.561,1.4480000000000002,Mexico
1849-01-01,15.845,1.916,Mexico
1849-02-01,16.067999999999998,1.431,Mexico
1849-03-01,19.427000000000003,1.666,Mexico
1849-04-01,20.736,1.663,Mexico
1849-05-01,22.307,1.238,Mexico
1849-06-01,25.068,1.514,Mexico
1849-07-01,25.506,1.436,Mexico
1849-08-01,25.346,1.51,Mexico
1849-09-01,23.541,1.0490000000000002,Mexico
1849-10-01,19.829,1.668,Mexico
1849-11-01,17.747999999999994,1.789,Mexico
1849-12-01,14.851,0.985,Mexico
1850-01-01,16.233,2.76,Mexico
1850-02-01,16.721999999999998,1.833,Mexico
1850-03-01,18.699,2.5380000000000003,Mexico
1850-04-01,20.359,1.82,Mexico
1850-05-01,21.601999999999997,1.569,Mexico
1850-06-01,24.165,0.973,Mexico
1850-07-01,25.051,1.046,Mexico
1850-08-01,25.71,0.992,Mexico
1850-09-01,24.092,0.958,Mexico
1850-10-01,21.072,1.27,Mexico
1850-11-01,17.095,1.825,Mexico
1850-12-01,12.878,1.2819999999999998,Mexico
1851-01-01,14.883,1.827,Mexico
1851-02-01,15.255999999999998,1.526,Mexico
1851-03-01,17.944000000000006,1.4980000000000002,Mexico
1851-04-01,20.918000000000003,1.579,Mexico
1851-05-01,23.789,1.142,Mexico
1851-06-01,25.378,1.0759999999999998,Mexico
1851-07-01,24.712,1.831,Mexico
1851-08-01,25.128,1.598,Mexico
1851-09-01,23.263,1.14,Mexico
1851-10-01,20.636,2.36,Mexico
1851-11-01,16.275,1.5319999999999998,Mexico
1851-12-01,14.720999999999998,3.096,Mexico
1852-01-01,12.709,2.3,Mexico
1852-02-01,17.622,2.551,Mexico
1852-03-01,18.072000000000006,2.085,Mexico
1852-04-01,20.492,2.464,Mexico
1852-05-01,23.59,2.029,Mexico
1852-06-01,24.568,1.204,Mexico
1852-07-01,24.934,1.709,Mexico
1852-08-01,24.696,2.713,Mexico
1852-09-01,23.264,1.649,Mexico
1852-10-01,20.046,2.046,Mexico
1852-11-01,16.787999999999997,2.533,Mexico
1852-12-01,16.004,1.378,Mexico
1853-01-01,13.572,1.3969999999999998,Mexico
1853-02-01,14.493,1.183,Mexico
1853-03-01,17.274,1.5619999999999998,Mexico
1853-04-01,21.05,1.084,Mexico
1853-05-01,23.521,1.072,Mexico
1853-06-01,24.437,1.4340000000000002,Mexico
1853-07-01,25.549,0.846,Mexico
1853-08-01,24.17,1.3,Mexico
1853-09-01,23.11,1.224,Mexico
1853-10-01,20.218,1.195,Mexico
1853-11-01,18.046,1.624,Mexico
1853-12-01,15.179,1.58,Mexico
1854-01-01,14.119000000000002,2.145,Mexico
1854-02-01,15.598,1.307,Mexico
1854-03-01,19.408,1.358,Mexico
1854-04-01,20.68,1.006,Mexico
1854-05-01,22.924,0.8740000000000001,Mexico
1854-06-01,24.37,1.4480000000000002,Mexico
1854-07-01,24.494,1.805,Mexico
1854-08-01,23.987,1.528,Mexico
1854-09-01,22.794,1.116,Mexico
1854-10-01,21.397,1.395,Mexico
1854-11-01,17.046,1.145,Mexico
1854-12-01,13.903,2.475,Mexico
1855-01-01,15.053,2.6010000000000004,Mexico
1855-02-01,15.214,1.83,Mexico
1855-03-01,17.244,1.969,Mexico
1855-04-01,21.162,1.706,Mexico
1855-05-01,24.515,1.575,Mexico
1855-06-01,24.831,1.737,Mexico
1855-07-01,24.101,1.6840000000000002,Mexico
1855-08-01,23.883000000000006,1.328,Mexico
1855-09-01,22.449,1.594,Mexico
1855-10-01,19.604,1.489,Mexico
1855-11-01,17.244999999999994,1.261,Mexico
1855-12-01,14.711,2.817,Mexico
1856-01-01,12.064,2.244,Mexico
1856-02-01,14.755,1.515,Mexico
1856-03-01,17.702,1.644,Mexico
1856-04-01,21.478,1.297,Mexico
1856-05-01,23.257,1.4580000000000002,Mexico
1856-06-01,26.031999999999996,1.6769999999999998,Mexico
1856-07-01,25.245,1.35,Mexico
1856-08-01,25.677,1.535,Mexico
1856-09-01,22.411,1.658,Mexico
1856-10-01,19.538,1.33,Mexico
1856-11-01,16.041999999999998,1.916,Mexico
1856-12-01,13.71,1.726,Mexico
1857-01-01,13.901,1.832,Mexico
1857-02-01,17.112000000000002,1.23,Mexico
1857-03-01,18.057,1.617,Mexico
1857-04-01,19.071,2.108,Mexico
1857-05-01,22.827,1.711,Mexico
1857-06-01,25.338,1.531,Mexico
1857-07-01,25.091,1.197,Mexico
1857-08-01,25.08,1.101,Mexico
1857-09-01,22.563,0.988,Mexico
1857-10-01,20.117,1.271,Mexico
1857-11-01,17.601999999999997,0.98,Mexico
1857-12-01,14.882,1.157,Mexico
1858-01-01,15.512,1.837,Mexico
1858-02-01,15.295,0.947,Mexico
1858-03-01,18.215,1.52,Mexico
1858-04-01,21.449,1.44,Mexico
1858-05-01,24.104,2.397,Mexico
1858-06-01,24.735,1.544,Mexico
1858-07-01,25.17,2.062,Mexico
1858-08-01,24.408,1.2990000000000002,Mexico
1858-09-01,23.165,1.29,Mexico
1858-10-01,21.886999999999997,1.4980000000000002,Mexico
1858-11-01,16.093999999999998,1.383,Mexico
1858-12-01,14.302,1.155,Mexico
1859-01-01,14.279000000000002,1.74,Mexico
1859-02-01,17.544,1.1740000000000002,Mexico
1859-03-01,18.930000000000003,2.014,Mexico
1859-04-01,21.057,1.5419999999999998,Mexico
1859-05-01,24.525,1.306,Mexico
1859-06-01,25.849,1.064,Mexico
1859-07-01,24.683000000000003,1.785,Mexico
1859-08-01,25.06600000000001,0.8590000000000001,Mexico
1859-09-01,22.643,0.856,Mexico
1859-10-01,20.375,1.081,Mexico
1859-11-01,17.909000000000002,1.695,Mexico
1859-12-01,12.862,1.416,Mexico
1860-01-01,14.132,1.071,Mexico
1860-02-01,15.041,1.032,Mexico
1860-03-01,17.730999999999998,1.884,Mexico
1860-04-01,20.825,1.588,Mexico
1860-05-01,23.426,2.777,Mexico
1860-06-01,25.475,1.094,Mexico
1860-07-01,25.249,0.96,Mexico
1860-08-01,24.276999999999997,0.8320000000000001,Mexico
1860-09-01,22.956,0.778,Mexico
1860-10-01,20.708,0.897,Mexico
1860-11-01,17.145999999999994,1.618,Mexico
1860-12-01,14.384,1.281,Mexico
1861-01-01,13.726,1.641,Mexico
1861-02-01,15.136,1.401,Mexico
1861-03-01,18.200000000000006,0.953,Mexico
1861-04-01,21.284,1.479,Mexico
1861-05-01,23.581,1.971,Mexico
1861-06-01,26.055,1.069,Mexico
1861-07-01,25.956,1.3219999999999998,Mexico
1861-08-01,24.851999999999997,1.283,Mexico
1861-09-01,23.722,1.641,Mexico
1861-10-01,20.605,1.161,Mexico
1861-11-01,19.016,1.534,Mexico
1861-12-01,16.544,1.6909999999999998,Mexico
1862-01-01,15.895,2.0340000000000003,Mexico
1862-02-01,15.514,1.608,Mexico
1862-03-01,18.145000000000003,1.206,Mexico
1862-04-01,20.989,1.164,Mexico
1862-05-01,23.64,1.582,Mexico
1862-06-01,25.334,1.4680000000000002,Mexico
1862-07-01,25.71,1.261,Mexico
1862-08-01,25.224,1.3,Mexico
1862-09-01,23.428,1.37,Mexico
1862-10-01,20.541,1.592,Mexico
1862-11-01,17.607,1.091,Mexico
1862-12-01,14.518,1.456,Mexico
1863-01-01,14.464,1.92,Mexico
1863-02-01,16.252,2.2230000000000003,Mexico
1863-03-01,19.82,1.107,Mexico
1863-04-01,21.664,1.086,Mexico
1863-05-01,22.898000000000003,2.06,Mexico
1863-06-01,24.999,1.129,Mexico
1863-07-01,24.991,1.034,Mexico
1863-08-01,24.551,1.117,Mexico
1863-09-01,23.913,1.5119999999999998,Mexico
1863-10-01,20.633000000000003,0.956,Mexico
1863-11-01,17.157999999999998,1.068,Mexico
1863-12-01,13.981,1.014,Mexico
1864-01-01,13.879,1.332,Mexico
1864-02-01,16.022000000000002,1.2990000000000002,Mexico
1864-03-01,17.476000000000006,1.336,Mexico
1864-04-01,20.636,1.102,Mexico
1864-05-01,23.291,1.18,Mexico
1864-06-01,25.396,1.942,Mexico
1864-07-01,24.934,1.741,Mexico
1864-08-01,24.97300000000001,1.457,Mexico
1864-09-01,24.231,1.209,Mexico
1864-10-01,20.038,1.0759999999999998,Mexico
1864-11-01,17.13,1.225,Mexico
1864-12-01,15.63,1.578,Mexico
1865-01-01,14.835,1.126,Mexico
1865-02-01,16.002,1.396,Mexico
1865-03-01,18.067,1.127,Mexico
1865-04-01,20.594,1.144,Mexico
1865-05-01,23.76,1.163,Mexico
1865-06-01,25.351,1.013,Mexico
1865-07-01,24.939,1.241,Mexico
1865-08-01,25.124,1.156,Mexico
1865-09-01,23.48,1.088,Mexico
1865-10-01,20.385,1.481,Mexico
1865-11-01,17.877,1.259,Mexico
1865-12-01,15.068,2.404,Mexico
1866-01-01,15.542,1.4280000000000002,Mexico
1866-02-01,15.917,1.555,Mexico
1866-03-01,19.021,1.16,Mexico
1866-04-01,21.332,1.265,Mexico
1866-05-01,23.123,1.228,Mexico
1866-06-01,24.544,1.254,Mexico
1866-07-01,25.029,1.198,Mexico
1866-08-01,25.141,1.401,Mexico
1866-09-01,23.744,1.063,Mexico
1866-10-01,20.633000000000003,0.8490000000000001,Mexico
1866-11-01,17.4,0.955,Mexico
1866-12-01,15.372,1.01,Mexico
1867-01-01,15.492,1.375,Mexico
1867-02-01,16.663,0.988,Mexico
1867-03-01,18.876,1.857,Mexico
1867-04-01,21.653,1.025,Mexico
1867-05-01,23.757,1.197,Mexico
1867-06-01,25.771,1.137,Mexico
1867-07-01,25.384,1.253,Mexico
1867-08-01,25.4,1.265,Mexico
1867-09-01,24.658,0.999,Mexico
1867-10-01,21.555,1.351,Mexico
1867-11-01,18.365,1.705,Mexico
1867-12-01,17.954,2.126,Mexico
1868-01-01,15.313,1.07,Mexico
1868-02-01,16.125,1.445,Mexico
1868-03-01,19.173,1.13,Mexico
1868-04-01,21.113000000000003,1.021,Mexico
1868-05-01,23.112,1.164,Mexico
1868-06-01,25.5,0.922,Mexico
1868-07-01,24.671,1.04,Mexico
1868-08-01,24.741999999999997,1.216,Mexico
1868-09-01,23.778,1.211,Mexico
1868-10-01,21.133000000000003,1.194,Mexico
1868-11-01,16.668,1.045,Mexico
1868-12-01,14.319,1.314,Mexico
1869-01-01,14.848,1.837,Mexico
1869-02-01,16.744,1.62,Mexico
1869-03-01,19.1,1.121,Mexico
1869-04-01,21.261999999999997,1.682,Mexico
1869-05-01,23.276,1.017,Mexico
1869-06-01,24.54,1.265,Mexico
1869-07-01,25.258000000000003,1.132,Mexico
1869-08-01,24.807,1.329,Mexico
1869-09-01,23.947,1.388,Mexico
1869-10-01,20.373,1.399,Mexico
1869-11-01,19.082,2.4730000000000003,Mexico
1869-12-01,13.45,1.202,Mexico
1870-01-01,15.192,1.982,Mexico
1870-02-01,16.459,1.87,Mexico
1870-03-01,18.846,1.257,Mexico
1870-04-01,20.947,1.182,Mexico
1870-05-01,23.87,1.507,Mexico
1870-06-01,25.158,1.365,Mexico
1870-07-01,24.941,1.202,Mexico
1870-08-01,24.481,1.129,Mexico
1870-09-01,24.122,1.763,Mexico
1870-10-01,20.814,1.442,Mexico
1870-11-01,17.508999999999997,1.726,Mexico
1870-12-01,12.918,1.898,Mexico
1871-01-01,14.123,1.679,Mexico
1871-02-01,16.239,2.339,Mexico
1871-03-01,18.666,1.475,Mexico
1871-04-01,21.057,1.31,Mexico
1871-05-01,23.214,1.4380000000000002,Mexico
1871-06-01,24.938,0.983,Mexico
1871-07-01,25.236,1.268,Mexico
1871-08-01,25.687,0.885,Mexico
1871-09-01,23.838,1.345,Mexico
1871-10-01,20.503,1.016,Mexico
1871-11-01,17.383999999999997,1.279,Mexico
1871-12-01,15.277,1.281,Mexico
1872-01-01,13.151,2.002,Mexico
1872-02-01,16.304000000000002,1.351,Mexico
1872-03-01,18.416,1.073,Mexico
1872-04-01,21.263,1.5119999999999998,Mexico
1872-05-01,24.441,1.38,Mexico
1872-06-01,25.28,1.284,Mexico
1872-07-01,25.078000000000003,1.117,Mexico
1872-08-01,24.597,1.338,Mexico
1872-09-01,23.888,1.087,Mexico
1872-10-01,20.394,0.8959999999999999,Mexico
1872-11-01,15.971999999999998,1.147,Mexico
1872-12-01,14.493,1.534,Mexico
1873-01-01,13.614,1.287,Mexico
1873-02-01,17.204,1.475,Mexico
1873-03-01,19.055000000000003,1.17,Mexico
1873-04-01,19.888,1.5519999999999998,Mexico
1873-05-01,23.937,0.7979999999999999,Mexico
1873-06-01,24.454,1.304,Mexico
1873-07-01,24.793000000000003,1.102,Mexico
1873-08-01,24.176,0.989,Mexico
1873-09-01,23.373,1.235,Mexico
1873-10-01,20.685,1.273,Mexico
1873-11-01,16.843999999999998,0.802,Mexico
1873-12-01,15.864,0.8740000000000001,Mexico
1874-01-01,15.01,1.2990000000000002,Mexico
1874-02-01,16.645,1.356,Mexico
1874-03-01,19.025,1.381,Mexico
1874-04-01,19.25,1.151,Mexico
1874-05-01,22.913,1.21,Mexico
1874-06-01,24.683000000000003,1.526,Mexico
1874-07-01,24.545,0.957,Mexico
1874-08-01,25.561,0.91,Mexico
1874-09-01,23.058000000000003,0.953,Mexico
1874-10-01,20.731,1.284,Mexico
1874-11-01,18.34,1.088,Mexico
1874-12-01,15.484000000000002,0.965,Mexico
1875-01-01,13.565,1.241,Mexico
1875-02-01,15.866,1.027,Mexico
1875-03-01,18.321,0.989,Mexico
1875-04-01,20.107,1.075,Mexico
1875-05-01,23.754,0.887,Mexico
1875-06-01,25.186,1.116,Mexico
1875-07-01,24.771,0.919,Mexico
1875-08-01,24.697000000000006,0.767,Mexico
1875-09-01,22.53,0.773,Mexico
1875-10-01,20.758000000000003,0.828,Mexico
1875-11-01,18.167,0.961,Mexico
1875-12-01,15.824000000000002,0.941,Mexico
1876-01-01,15.955,0.861,Mexico
1876-02-01,16.418,1.068,Mexico
1876-03-01,17.971,1.702,Mexico
1876-04-01,20.926,1.229,Mexico
1876-05-01,23.121,1.371,Mexico
1876-06-01,24.836,0.945,Mexico
1876-07-01,24.95,0.938,Mexico
1876-08-01,24.872,0.8240000000000001,Mexico
1876-09-01,23.218000000000004,1.192,Mexico
1876-10-01,20.542,0.986,Mexico
1876-11-01,16.817,0.989,Mexico
1876-12-01,13.191,1.114,Mexico
1877-01-01,14.414,1.369,Mexico
1877-02-01,15.832999999999998,1.337,Mexico
1877-03-01,18.51,1.219,Mexico
1877-04-01,20.37,1.243,Mexico
1877-05-01,22.951,1.115,Mexico
1877-06-01,24.938,2.004,Mexico
1877-07-01,25.226,0.993,Mexico
1877-08-01,25.43,1.1840000000000002,Mexico
1877-09-01,23.961,0.987,Mexico
1877-10-01,21.62,1.384,Mexico
1877-11-01,17.134999999999998,1.057,Mexico
1877-12-01,15.593,1.6740000000000002,Mexico
1878-01-01,14.376,0.921,Mexico
1878-02-01,16.108,0.97,Mexico
1878-03-01,18.647,0.773,Mexico
1878-04-01,21.646,0.6829999999999999,Mexico
1878-05-01,24.091,0.742,Mexico
1878-06-01,25.834,0.993,Mexico
1878-07-01,25.316,0.804,Mexico
1878-08-01,24.719,0.745,Mexico
1878-09-01,23.232,0.914,Mexico
1878-10-01,21.257,0.58,Mexico
1878-11-01,18.126,0.7140000000000001,Mexico
1878-12-01,14.276,1.248,Mexico
1879-01-01,15.050999999999998,0.624,Mexico
1879-02-01,16.153,0.91,Mexico
1879-03-01,19.597,0.6759999999999999,Mexico
1879-04-01,21.034,0.987,Mexico
1879-05-01,24.165,1.214,Mexico
1879-06-01,24.65,0.845,Mexico
1879-07-01,25.467,1.109,Mexico
1879-08-01,24.01,0.769,Mexico
1879-09-01,22.987,0.7240000000000001,Mexico
1879-10-01,20.452,0.945,Mexico
1879-11-01,17.833,0.616,Mexico
1879-12-01,15.961,0.92,Mexico
1880-01-01,15.521,1.3430000000000002,Mexico
1880-02-01,15.086,1.102,Mexico
1880-03-01,18.077,0.982,Mexico
1880-04-01,20.803,0.619,Mexico
1880-05-01,23.79,1.024,Mexico
1880-06-01,25.026,0.715,Mexico
1880-07-01,24.373,0.59,Mexico
1880-08-01,23.726999999999997,0.7490000000000001,Mexico
1880-09-01,22.833,0.826,Mexico
1880-10-01,19.846,0.752,Mexico
1880-11-01,16.663999999999998,1.761,Mexico
1880-12-01,15.015,0.475,Mexico
1881-01-01,13.005999999999998,0.96,Mexico
1881-02-01,16.012999999999998,0.7859999999999999,Mexico
1881-03-01,18.354000000000006,0.892,Mexico
1881-04-01,21.372,0.653,Mexico
1881-05-01,23.52,0.726,Mexico
1881-06-01,25.431,0.8909999999999999,Mexico
1881-07-01,25.209,0.58,Mexico
1881-08-01,24.462,0.763,Mexico
1881-09-01,23.173,0.805,Mexico
1881-10-01,21.066999999999997,0.529,Mexico
1881-11-01,17.040999999999997,0.8759999999999999,Mexico
1881-12-01,15.319,1.08,Mexico
1882-01-01,14.629,0.75,Mexico
1882-02-01,16.204,1.164,Mexico
1882-03-01,18.901,0.603,Mexico
1882-04-01,20.955,0.596,Mexico
1882-05-01,22.826,0.6459999999999999,Mexico
1882-06-01,24.607,0.722,Mexico
1882-07-01,24.854,0.62,Mexico
1882-08-01,23.72300000000001,0.7040000000000001,Mexico
1882-09-01,22.711,0.7909999999999999,Mexico
1882-10-01,20.805999999999997,0.48,Mexico
1882-11-01,17.169999999999998,0.889,Mexico
1882-12-01,14.657,0.503,Mexico
1883-01-01,13.661,0.445,Mexico
1883-02-01,15.303999999999998,0.856,Mexico
1883-03-01,17.961000000000006,0.705,Mexico
1883-04-01,20.579,0.6920000000000001,Mexico
1883-05-01,22.822,0.698,Mexico
1883-06-01,24.954,0.836,Mexico
1883-07-01,24.624,0.9,Mexico
1883-08-01,24.414,0.721,Mexico
1883-09-01,23.041,0.701,Mexico
1883-10-01,20.833,0.5710000000000001,Mexico
1883-11-01,17.622,0.7140000000000001,Mexico
1883-12-01,15.602,0.863,Mexico
1884-01-01,13.505999999999998,1.067,Mexico
1884-02-01,16.355,0.872,Mexico
1884-03-01,18.516,0.809,Mexico
1884-04-01,20.227,0.933,Mexico
1884-05-01,22.074,1.598,Mexico
1884-06-01,24.679,1.072,Mexico
1884-07-01,25.368,0.688,Mexico
1884-08-01,24.164,0.852,Mexico
1884-09-01,23.334,0.768,Mexico
1884-10-01,20.583,0.483,Mexico
1884-11-01,17.369999999999994,0.452,Mexico
1884-12-01,15.334,0.93,Mexico
1885-01-01,14.194,0.7979999999999999,Mexico
1885-02-01,15.876,0.908,Mexico
1885-03-01,18.577,1.063,Mexico
1885-04-01,21.074,1.706,Mexico
1885-05-01,22.958,0.936,Mexico
1885-06-01,24.851,0.823,Mexico
1885-07-01,24.779,0.853,Mexico
1885-08-01,24.572000000000006,0.91,Mexico
1885-09-01,23.281999999999996,0.831,Mexico
1885-10-01,20.289,0.705,Mexico
1885-11-01,17.814,0.843,Mexico
1885-12-01,15.457,1.5719999999999998,Mexico
1886-01-01,13.671,1.085,Mexico
1886-02-01,15.876,1.402,Mexico
1886-03-01,18.302000000000003,0.5870000000000001,Mexico
1886-04-01,20.662,0.782,Mexico
1886-05-01,24.156,0.929,Mexico
1886-06-01,24.876,0.787,Mexico
1886-07-01,25.258000000000003,0.92,Mexico
1886-08-01,24.939,0.7120000000000001,Mexico
1886-09-01,22.98,0.531,Mexico
1886-10-01,20.395,0.738,Mexico
1886-11-01,16.273,1.249,Mexico
1886-12-01,14.419,1.4269999999999998,Mexico
1887-01-01,13.743,1.277,Mexico
1887-02-01,16.233,1.306,Mexico
1887-03-01,18.561,1.012,Mexico
1887-04-01,20.378,0.8009999999999999,Mexico
1887-05-01,22.981,0.637,Mexico
1887-06-01,24.42,0.614,Mexico
1887-07-01,24.535,0.8140000000000001,Mexico
1887-08-01,24.392,0.741,Mexico
1887-09-01,23.138,0.5670000000000001,Mexico
1887-10-01,19.914,0.5870000000000001,Mexico
1887-11-01,17.244999999999994,0.7440000000000001,Mexico
1887-12-01,13.485,1.4480000000000002,Mexico
1888-01-01,13.663,0.942,Mexico
1888-02-01,15.959,1.0659999999999998,Mexico
1888-03-01,17.312,0.805,Mexico
1888-04-01,21.033,0.889,Mexico
1888-05-01,22.667,0.648,Mexico
1888-06-01,24.242,0.629,Mexico
1888-07-01,24.807,0.5579999999999999,Mexico
1888-08-01,24.414,0.589,Mexico
1888-09-01,22.723000000000003,0.614,Mexico
1888-10-01,21.288,0.926,Mexico
1888-11-01,17.046,1.483,Mexico
1888-12-01,15.383,0.996,Mexico
1889-01-01,14.529000000000002,0.6990000000000001,Mexico
1889-02-01,16.099,0.6559999999999999,Mexico
1889-03-01,17.586000000000002,0.8440000000000001,Mexico
1889-04-01,21.251,0.6729999999999999,Mexico
1889-05-01,23.16,0.845,Mexico
1889-06-01,25.046,0.555,Mexico
1889-07-01,24.823,0.687,Mexico
1889-08-01,24.49,0.579,Mexico
1889-09-01,22.486,0.472,Mexico
1889-10-01,20.299,0.626,Mexico
1889-11-01,16.799999999999994,0.846,Mexico
1889-12-01,16.816,1.47,Mexico
1890-01-01,15.738,0.71,Mexico
1890-02-01,16.581,1.245,Mexico
1890-03-01,17.926000000000005,1.149,Mexico
1890-04-01,20.675,0.828,Mexico
1890-05-01,23.261999999999997,0.987,Mexico
1890-06-01,23.862,0.519,Mexico
1890-07-01,24.525,0.509,Mexico
1890-08-01,23.952,0.569,Mexico
1890-09-01,22.936,0.594,Mexico
1890-10-01,20.621,0.51,Mexico
1890-11-01,17.407,0.936,Mexico
1890-12-01,15.374,1.067,Mexico
1891-01-01,14.077,0.8320000000000001,Mexico
1891-02-01,16.375,0.638,Mexico
1891-03-01,17.575000000000006,0.54,Mexico
1891-04-01,19.823,0.501,Mexico
1891-05-01,22.101999999999997,0.448,Mexico
1891-06-01,24.07,0.8,Mexico
1891-07-01,25.06,0.561,Mexico
1891-08-01,24.461,0.732,Mexico
1891-09-01,23.524,0.677,Mexico
1891-10-01,20.197,1.565,Mexico
1891-11-01,17.916999999999994,0.583,Mexico
1891-12-01,14.606,0.53,Mexico
1892-01-01,13.734000000000002,0.772,Mexico
1892-02-01,16.849999999999998,0.605,Mexico
1892-03-01,17.419,0.767,Mexico
1892-04-01,21.141,0.628,Mexico
1892-05-01,23.476999999999997,1.028,Mexico
1892-06-01,24.875,0.825,Mexico
1892-07-01,25.031,0.645,Mexico
1892-08-01,23.991,0.818,Mexico
1892-09-01,23.238000000000003,0.395,Mexico
1892-10-01,20.511,0.56,Mexico
1892-11-01,17.523,0.802,Mexico
1892-12-01,14.545,0.718,Mexico
1893-01-01,14.116,0.912,Mexico
1893-02-01,16.287,0.4270000000000001,Mexico
1893-03-01,17.658,0.728,Mexico
1893-04-01,21.735,0.445,Mexico
1893-05-01,23.017,0.616,Mexico
1893-06-01,24.62,0.7390000000000001,Mexico
1893-07-01,24.261,0.69,Mexico
1893-08-01,24.16200000000001,0.818,Mexico
1893-09-01,23.537,0.465,Mexico
1893-10-01,20.162,0.5539999999999999,Mexico
1893-11-01,16.941,0.794,Mexico
1893-12-01,15.265999999999998,0.67,Mexico
1894-01-01,14.467,0.862,Mexico
1894-02-01,14.824000000000002,1.146,Mexico
1894-03-01,17.725,1.095,Mexico
1894-04-01,21.245,0.615,Mexico
1894-05-01,23.391,0.5579999999999999,Mexico
1894-06-01,24.369,0.509,Mexico
1894-07-01,24.541,0.338,Mexico
1894-08-01,24.054,0.5820000000000001,Mexico
1894-09-01,23.427,0.484,Mexico
1894-10-01,21.283,1.007,Mexico
1894-11-01,17.858999999999995,0.851,Mexico
1894-12-01,15.747,1.169,Mexico
1895-01-01,14.869000000000002,0.6409999999999999,Mexico
1895-02-01,14.441999999999998,1.482,Mexico
1895-03-01,18.395000000000003,0.443,Mexico
1895-04-01,21.059,0.529,Mexico
1895-05-01,23.314,0.406,Mexico
1895-06-01,24.556,0.447,Mexico
1895-07-01,24.722,0.4,Mexico
1895-08-01,24.646,0.364,Mexico
1895-09-01,23.791,0.474,Mexico
1895-10-01,20.253,0.335,Mexico
1895-11-01,17.526999999999994,1.334,Mexico
1895-12-01,14.62,0.685,Mexico
1896-01-01,15.308,0.5720000000000001,Mexico
1896-02-01,15.625,0.65,Mexico
1896-03-01,18.804,0.415,Mexico
1896-04-01,21.237,0.601,Mexico
1896-05-01,24.430999999999997,0.532,Mexico
1896-06-01,25.694000000000003,0.364,Mexico
1896-07-01,24.932,0.649,Mexico
1896-08-01,24.701,0.7020000000000001,Mexico
1896-09-01,23.625,0.416,Mexico
1896-10-01,20.927,0.7559999999999999,Mexico
1896-11-01,18.708,0.583,Mexico
1896-12-01,15.295,0.5489999999999999,Mexico
1897-01-01,14.509,1.31,Mexico
1897-02-01,16.774,0.633,Mexico
1897-03-01,19.307,0.618,Mexico
1897-04-01,21.281999999999996,0.473,Mexico
1897-05-01,23.316999999999997,0.58,Mexico
1897-06-01,24.589,0.462,Mexico
1897-07-01,24.732,0.484,Mexico
1897-08-01,24.363000000000003,0.654,Mexico
1897-09-01,22.941,0.409,Mexico
1897-10-01,21.04,0.445,Mexico
1897-11-01,18.493,0.696,Mexico
1897-12-01,14.688,1.11,Mexico
1898-01-01,14.562,0.82,Mexico
1898-02-01,16.258,0.963,Mexico
1898-03-01,18.378,0.65,Mexico
1898-04-01,20.901,0.6859999999999999,Mexico
1898-05-01,23.061,0.685,Mexico
1898-06-01,23.933000000000003,0.551,Mexico
1898-07-01,24.066999999999997,0.654,Mexico
1898-08-01,24.171,0.616,Mexico
1898-09-01,23.434,0.509,Mexico
1898-10-01,20.481,0.889,Mexico
1898-11-01,17.532999999999998,0.67,Mexico
1898-12-01,13.949000000000002,1.072,Mexico
1899-01-01,14.082,1.013,Mexico
1899-02-01,14.111999999999998,0.932,Mexico
1899-03-01,18.749,0.46,Mexico
1899-04-01,20.629,0.448,Mexico
1899-05-01,23.366,0.513,Mexico
1899-06-01,23.67,0.7120000000000001,Mexico
1899-07-01,24.598000000000003,0.539,Mexico
1899-08-01,24.725,0.48,Mexico
1899-09-01,23.465,0.6409999999999999,Mexico
1899-10-01,20.837,0.54,Mexico
1899-11-01,17.837999999999994,0.609,Mexico
1899-12-01,15.095999999999998,0.454,Mexico
1900-01-01,15.406,0.585,Mexico
1900-02-01,16.145,0.5529999999999999,Mexico
1900-03-01,18.685,0.741,Mexico
1900-04-01,20.0,0.605,Mexico
1900-05-01,23.147,0.48,Mexico
1900-06-01,25.328000000000003,0.63,Mexico
1900-07-01,24.587,0.547,Mexico
1900-08-01,24.429,0.521,Mexico
1900-09-01,23.761,0.726,Mexico
1900-10-01,21.331,0.765,Mexico
1900-11-01,18.312,0.439,Mexico
1900-12-01,15.128,0.386,Mexico
1901-01-01,15.185,0.53,Mexico
1901-02-01,15.593,0.6459999999999999,Mexico
1901-03-01,18.097,0.515,Mexico
1901-04-01,19.861,1.352,Mexico
1901-05-01,22.998,1.089,Mexico
1901-06-01,24.737,1.536,Mexico
1901-07-01,24.783,0.83,Mexico
1901-08-01,24.802,0.846,Mexico
1901-09-01,23.688,0.486,Mexico
1901-10-01,21.071,0.556,Mexico
1901-11-01,18.018,0.802,Mexico
1901-12-01,14.59,0.388,Mexico
1902-01-01,14.718,0.828,Mexico
1902-02-01,15.815,0.615,Mexico
1902-03-01,18.10100000000001,0.747,Mexico
1902-04-01,21.776,0.622,Mexico
1902-05-01,23.676,0.463,Mexico
1902-06-01,25.373,0.82,Mexico
1902-07-01,24.232,0.525,Mexico
1902-08-01,24.752,0.706,Mexico
1902-09-01,23.564,0.47,Mexico
1902-10-01,21.139,0.479,Mexico
1902-11-01,18.463,0.454,Mexico
1902-12-01,15.37,0.703,Mexico
1903-01-01,14.604,0.58,Mexico
1903-02-01,15.496,0.594,Mexico
1903-03-01,17.916,0.727,Mexico
1903-04-01,20.828000000000003,0.62,Mexico
1903-05-01,22.595,0.347,Mexico
1903-06-01,23.607,0.529,Mexico
1903-07-01,24.658,0.5479999999999999,Mexico
1903-08-01,24.111,0.53,Mexico
1903-09-01,23.034,0.588,Mexico
1903-10-01,20.19,0.382,Mexico
1903-11-01,17.854999999999997,0.389,Mexico
1903-12-01,14.79,0.51,Mexico
1904-01-01,14.077,0.932,Mexico
1904-02-01,16.585,0.846,Mexico
1904-03-01,19.349,0.481,Mexico
1904-04-01,20.996,0.457,Mexico
1904-05-01,22.565,0.5489999999999999,Mexico
1904-06-01,24.249,0.5670000000000001,Mexico
1904-07-01,23.884,0.591,Mexico
1904-08-01,23.761999999999997,0.614,Mexico
1904-09-01,22.919,0.471,Mexico
1904-10-01,20.415,0.484,Mexico
1904-11-01,17.345,0.5579999999999999,Mexico
1904-12-01,14.941,0.5579999999999999,Mexico
1905-01-01,14.603,0.504,Mexico
1905-02-01,15.329999999999998,0.643,Mexico
1905-03-01,17.863000000000003,0.718,Mexico
1905-04-01,20.047,0.517,Mexico
1905-05-01,23.531,0.439,Mexico
1905-06-01,24.625,0.5820000000000001,Mexico
1905-07-01,24.574,0.405,Mexico
1905-08-01,24.901,0.3229999999999999,Mexico
1905-09-01,23.621,0.451,Mexico
1905-10-01,21.293000000000003,0.456,Mexico
1905-11-01,18.79,0.442,Mexico
1905-12-01,13.646,0.862,Mexico
1906-01-01,14.042,0.688,Mexico
1906-02-01,15.453,0.506,Mexico
1906-03-01,18.258000000000006,0.295,Mexico
1906-04-01,20.742,0.337,Mexico
1906-05-01,23.23,0.665,Mexico
1906-06-01,25.211,0.521,Mexico
1906-07-01,24.576,0.568,Mexico
1906-08-01,23.813,0.394,Mexico
1906-09-01,23.505,0.344,Mexico
1906-10-01,20.583,0.429,Mexico
1906-11-01,17.747999999999994,0.498,Mexico
1906-12-01,15.658,0.988,Mexico
1907-01-01,16.048000000000002,0.625,Mexico
1907-02-01,16.742,0.639,Mexico
1907-03-01,19.791,0.6990000000000001,Mexico
1907-04-01,20.893,0.376,Mexico
1907-05-01,22.307,0.54,Mexico
1907-06-01,24.468000000000004,0.349,Mexico
1907-07-01,24.429,0.467,Mexico
1907-08-01,24.392,0.428,Mexico
1907-09-01,23.557,0.447,Mexico
1907-10-01,21.236,0.403,Mexico
1907-11-01,17.305999999999994,0.463,Mexico
1907-12-01,15.502,0.556,Mexico
1908-01-01,15.477,0.733,Mexico
1908-02-01,16.506,0.644,Mexico
1908-03-01,19.866,0.584,Mexico
1908-04-01,21.389,0.362,Mexico
1908-05-01,23.006,0.439,Mexico
1908-06-01,25.076,0.374,Mexico
1908-07-01,24.096,0.408,Mexico
1908-08-01,24.335,0.449,Mexico
1908-09-01,23.34,0.378,Mexico
1908-10-01,20.042,0.562,Mexico
1908-11-01,17.488,0.5720000000000001,Mexico
1908-12-01,15.928,0.93,Mexico
1909-01-01,15.939,0.614,Mexico
1909-02-01,16.18,0.419,Mexico
1909-03-01,18.958,0.726,Mexico
1909-04-01,20.909,0.763,Mexico
1909-05-01,23.434,0.37,Mexico
1909-06-01,24.97,0.355,Mexico
1909-07-01,25.068,0.399,Mexico
1909-08-01,24.394,0.495,Mexico
1909-09-01,22.871,0.5720000000000001,Mexico
1909-10-01,20.878,0.6859999999999999,Mexico
1909-11-01,18.771,0.544,Mexico
1909-12-01,14.477,0.7140000000000001,Mexico
1910-01-01,14.897,0.675,Mexico
1910-02-01,15.643999999999998,0.667,Mexico
1910-03-01,18.693,0.541,Mexico
1910-04-01,20.605,0.396,Mexico
1910-05-01,23.15,0.385,Mexico
1910-06-01,24.595,0.375,Mexico
1910-07-01,24.829,0.43,Mexico
1910-08-01,24.930999999999997,0.419,Mexico
1910-09-01,23.591,0.467,Mexico
1910-10-01,20.641,0.486,Mexico
1910-11-01,18.277,0.472,Mexico
1910-12-01,15.304,0.613,Mexico
1911-01-01,16.45,0.92,Mexico
1911-02-01,16.675,0.539,Mexico
1911-03-01,19.442,0.53,Mexico
1911-04-01,21.024,0.472,Mexico
1911-05-01,22.239,0.568,Mexico
1911-06-01,24.77,0.452,Mexico
1911-07-01,24.165,0.415,Mexico
1911-08-01,24.941999999999997,0.309,Mexico
1911-09-01,24.318,0.3229999999999999,Mexico
1911-10-01,21.169,0.474,Mexico
1911-11-01,17.669999999999995,0.754,Mexico
1911-12-01,14.593,0.588,Mexico
1912-01-01,14.864,0.746,Mexico
1912-02-01,15.034,0.526,Mexico
1912-03-01,18.065,0.853,Mexico
1912-04-01,20.698,0.417,Mexico
1912-05-01,23.489,0.422,Mexico
1912-06-01,23.756,0.513,Mexico
1912-07-01,24.276,0.405,Mexico
1912-08-01,24.405,0.453,Mexico
1912-09-01,23.241,0.535,Mexico
1912-10-01,20.671999999999997,0.556,Mexico
1912-11-01,16.691999999999997,0.484,Mexico
1912-12-01,14.652,0.708,Mexico
1913-01-01,14.334,0.569,Mexico
1913-02-01,15.611,0.561,Mexico
1913-03-01,17.622,0.525,Mexico
1913-04-01,19.784,0.536,Mexico
1913-05-01,22.449,0.508,Mexico
1913-06-01,23.328000000000003,0.557,Mexico
1913-07-01,24.125,0.522,Mexico
1913-08-01,24.351999999999997,0.458,Mexico
1913-09-01,22.789,0.498,Mexico
1913-10-01,20.55,0.458,Mexico
1913-11-01,18.607,0.508,Mexico
1913-12-01,15.229,0.542,Mexico
1914-01-01,15.783,0.85,Mexico
1914-02-01,16.099,0.66,Mexico
1914-03-01,17.586000000000002,0.473,Mexico
1914-04-01,20.463,0.491,Mexico
1914-05-01,22.678,0.6920000000000001,Mexico
1914-06-01,23.96,0.407,Mexico
1914-07-01,24.456,0.493,Mexico
1914-08-01,24.503,0.612,Mexico
1914-09-01,23.246,0.499,Mexico
1914-10-01,21.045,0.46,Mexico
1914-11-01,18.276,0.504,Mexico
1914-12-01,14.446,0.981,Mexico
1915-01-01,14.239,0.539,Mexico
1915-02-01,16.314999999999998,0.541,Mexico
1915-03-01,16.304000000000002,1.004,Mexico
1915-04-01,20.317,0.471,Mexico
1915-05-01,23.368,0.774,Mexico
1915-06-01,25.546,0.496,Mexico
1915-07-01,25.016,0.594,Mexico
1915-08-01,24.656999999999996,0.521,Mexico
1915-09-01,23.252,0.484,Mexico
1915-10-01,20.991,0.56,Mexico
1915-11-01,18.446,0.5329999999999999,Mexico
1915-12-01,15.851,0.633,Mexico
1916-01-01,16.445999999999998,1.039,Mexico
1916-02-01,17.160999999999998,0.885,Mexico
1916-03-01,19.608,1.001,Mexico
1916-04-01,20.601999999999997,0.509,Mexico
1916-05-01,23.538,0.509,Mexico
1916-06-01,25.553,0.499,Mexico
1916-07-01,24.299,0.536,Mexico
1916-08-01,23.656999999999996,0.585,Mexico
1916-09-01,22.761,0.5529999999999999,Mexico
1916-10-01,20.508000000000003,0.469,Mexico
1916-11-01,17.194999999999997,0.512,Mexico
1916-12-01,15.293,0.637,Mexico
1917-01-01,15.408,0.77,Mexico
1917-02-01,16.585,0.799,Mexico
1917-03-01,18.281,0.472,Mexico
1917-04-01,20.405,0.444,Mexico
1917-05-01,22.309,0.471,Mexico
1917-06-01,24.888,0.547,Mexico
1917-07-01,24.956,0.5429999999999999,Mexico
1917-08-01,24.75500000000001,0.513,Mexico
1917-09-01,23.421999999999997,0.433,Mexico
1917-10-01,20.812,0.428,Mexico
1917-11-01,17.915999999999997,0.574,Mexico
1917-12-01,15.557,0.415,Mexico
1918-01-01,14.153,0.682,Mexico
1918-02-01,16.951999999999998,0.518,Mexico
1918-03-01,18.950000000000006,0.594,Mexico
1918-04-01,20.973000000000003,0.464,Mexico
1918-05-01,22.886,0.742,Mexico
1918-06-01,24.805,0.42,Mexico
1918-07-01,24.918000000000003,0.434,Mexico
1918-08-01,24.247,0.5429999999999999,Mexico
1918-09-01,23.224,0.436,Mexico
1918-10-01,21.671999999999997,0.434,Mexico
1918-11-01,17.634999999999994,0.5710000000000001,Mexico
1918-12-01,15.220999999999998,0.501,Mexico
1919-01-01,13.679,0.508,Mexico
1919-02-01,15.858,0.484,Mexico
1919-03-01,17.891000000000005,0.534,Mexico
1919-04-01,20.863000000000003,0.691,Mexico
1919-05-01,23.501,0.487,Mexico
1919-06-01,24.455,0.447,Mexico
1919-07-01,24.046,0.466,Mexico
1919-08-01,24.935,0.473,Mexico
1919-09-01,23.267,0.4970000000000001,Mexico
1919-10-01,21.464,0.551,Mexico
1919-11-01,18.128,0.505,Mexico
1919-12-01,15.746,0.618,Mexico
1920-01-01,14.686,0.594,Mexico
1920-02-01,17.375,0.5579999999999999,Mexico
1920-03-01,18.346,0.449,Mexico
1920-04-01,20.834,0.6629999999999999,Mexico
1920-05-01,23.206999999999997,0.49,Mexico
1920-06-01,23.833,0.55,Mexico
1920-07-01,25.173,0.43,Mexico
1920-08-01,24.258000000000006,0.4270000000000001,Mexico
1920-09-01,23.805999999999997,0.463,Mexico
1920-10-01,20.66,0.498,Mexico
1920-11-01,17.631999999999994,0.679,Mexico
1920-12-01,15.234000000000002,0.754,Mexico
1921-01-01,15.692,0.316,Mexico
1921-02-01,16.203,0.375,Mexico
1921-03-01,19.698,0.443,Mexico
1921-04-01,20.82,0.6559999999999999,Mexico
1921-05-01,22.831,0.522,Mexico
1921-06-01,25.072,0.475,Mexico
1921-07-01,24.587,0.435,Mexico
1921-08-01,24.588,0.382,Mexico
1921-09-01,23.995,0.359,Mexico
1921-10-01,21.271,0.381,Mexico
1921-11-01,18.591,0.365,Mexico
1921-12-01,16.823999999999998,0.456,Mexico
1922-01-01,14.917,0.5770000000000001,Mexico
1922-02-01,17.371,0.422,Mexico
1922-03-01,18.353,0.251,Mexico
1922-04-01,21.395,0.306,Mexico
1922-05-01,24.011,0.385,Mexico
1922-06-01,24.546999999999997,0.315,Mexico
1922-07-01,24.807,0.412,Mexico
1922-08-01,25.06900000000001,0.393,Mexico
1922-09-01,23.56,0.359,Mexico
1922-10-01,20.754,0.332,Mexico
1922-11-01,17.985999999999994,0.56,Mexico
1922-12-01,16.506,0.589,Mexico
1923-01-01,16.581,0.504,Mexico
1923-02-01,16.073999999999998,0.527,Mexico
1923-03-01,17.718,0.59,Mexico
1923-04-01,21.072,0.443,Mexico
1923-05-01,24.244,0.435,Mexico
1923-06-01,24.625,0.335,Mexico
1923-07-01,24.534,0.51,Mexico
1923-08-01,24.491999999999997,0.45,Mexico
1923-09-01,23.515,0.396,Mexico
1923-10-01,20.257,0.3,Mexico
1923-11-01,17.514999999999993,0.4970000000000001,Mexico
1923-12-01,15.53,0.534,Mexico
1924-01-01,14.254,0.453,Mexico
1924-02-01,16.014,0.575,Mexico
1924-03-01,18.020000000000003,0.588,Mexico
1924-04-01,20.734,0.487,Mexico
1924-05-01,23.087,0.4,Mexico
1924-06-01,25.243,0.307,Mexico
1924-07-01,25.053,0.347,Mexico
1924-08-01,25.449,0.377,Mexico
1924-09-01,23.433000000000003,0.304,Mexico
1924-10-01,20.883000000000003,0.251,Mexico
1924-11-01,18.62,0.293,Mexico
1924-12-01,15.19,0.451,Mexico
1925-01-01,14.727,0.677,Mexico
1925-02-01,17.372,0.614,Mexico
1925-03-01,19.269,0.257,Mexico
1925-04-01,21.864,0.34,Mexico
1925-05-01,23.313,0.294,Mexico
1925-06-01,24.485,0.317,Mexico
1925-07-01,24.987,0.263,Mexico
1925-08-01,24.605,0.286,Mexico
1925-09-01,23.585,0.217,Mexico
1925-10-01,21.215,0.319,Mexico
1925-11-01,17.798,0.449,Mexico
1925-12-01,13.978,0.3720000000000001,Mexico
1926-01-01,13.674,0.424,Mexico
1926-02-01,16.962999999999994,0.463,Mexico
1926-03-01,18.626,0.311,Mexico
1926-04-01,20.39,0.362,Mexico
1926-05-01,22.691,0.398,Mexico
1926-06-01,25.002,0.38,Mexico
1926-07-01,24.969,0.269,Mexico
1926-08-01,24.894,0.32,Mexico
1926-09-01,24.168000000000003,0.293,Mexico
1926-10-01,22.048,0.483,Mexico
1926-11-01,17.822,0.405,Mexico
1926-12-01,15.953,0.514,Mexico
1927-01-01,15.668,0.328,Mexico
1927-02-01,17.409000000000002,0.335,Mexico
1927-03-01,18.684,0.3,Mexico
1927-04-01,21.31,0.291,Mexico
1927-05-01,24.655,0.262,Mexico
1927-06-01,24.678,0.244,Mexico
1927-07-01,24.699,0.245,Mexico
1927-08-01,24.901,0.326,Mexico
1927-09-01,23.612,0.221,Mexico
1927-10-01,21.183000000000003,0.292,Mexico
1927-11-01,19.253,0.5710000000000001,Mexico
1927-12-01,15.074000000000002,0.405,Mexico
1928-01-01,15.148,0.291,Mexico
1928-02-01,16.461,0.378,Mexico
1928-03-01,19.41,0.405,Mexico
1928-04-01,20.691,0.344,Mexico
1928-05-01,23.430999999999997,0.338,Mexico
1928-06-01,25.848000000000003,0.22,Mexico
1928-07-01,25.219,0.229,Mexico
1928-08-01,24.781999999999996,0.274,Mexico
1928-09-01,23.436,0.233,Mexico
1928-10-01,21.853,0.25,Mexico
1928-11-01,17.712999999999994,0.286,Mexico
1928-12-01,15.249,0.476,Mexico
1929-01-01,15.26,0.555,Mexico
1929-02-01,16.023,0.267,Mexico
1929-03-01,18.373,0.282,Mexico
1929-04-01,21.783,0.3229999999999999,Mexico
1929-05-01,23.386999999999997,0.353,Mexico
1929-06-01,25.126,0.272,Mexico
1929-07-01,24.712,0.299,Mexico
1929-08-01,24.554,0.264,Mexico
1929-09-01,23.893,0.251,Mexico
1929-10-01,20.974,0.201,Mexico
1929-11-01,17.224999999999998,0.368,Mexico
1929-12-01,15.762,0.42,Mexico
1930-01-01,14.935,0.333,Mexico
1930-02-01,17.203,0.267,Mexico
1930-03-01,18.385,0.241,Mexico
1930-04-01,21.213,0.205,Mexico
1930-05-01,23.36,0.305,Mexico
1930-06-01,24.53,0.328,Mexico
1930-07-01,24.678,0.239,Mexico
1930-08-01,24.96,0.212,Mexico
1930-09-01,24.46,0.24,Mexico
1930-10-01,21.326,0.283,Mexico
1930-11-01,17.479999999999997,0.272,Mexico
1930-12-01,14.833,0.38,Mexico
1931-01-01,14.195,0.313,Mexico
1931-02-01,16.101,0.379,Mexico
1931-03-01,17.69,0.448,Mexico
1931-04-01,20.166,0.442,Mexico
1931-05-01,22.991,0.3670000000000001,Mexico
1931-06-01,24.894,0.258,Mexico
1931-07-01,24.895,0.3670000000000001,Mexico
1931-08-01,24.374,0.283,Mexico
1931-09-01,24.124,0.212,Mexico
1931-10-01,22.269,0.273,Mexico
1931-11-01,18.409,0.282,Mexico
1931-12-01,15.544,0.295,Mexico
1932-01-01,15.140999999999998,0.459,Mexico
1932-02-01,17.641,0.336,Mexico
1932-03-01,17.569000000000006,0.307,Mexico
1932-04-01,21.145,0.424,Mexico
1932-05-01,23.526999999999997,0.27,Mexico
1932-06-01,25.604,0.237,Mexico
1932-07-01,24.946,0.251,Mexico
1932-08-01,25.121,0.217,Mexico
1932-09-01,23.445,0.173,Mexico
1932-10-01,20.834,0.245,Mexico
1932-11-01,16.983999999999998,0.324,Mexico
1932-12-01,15.05,0.255,Mexico
1933-01-01,15.587,0.382,Mexico
1933-02-01,16.364,0.355,Mexico
1933-03-01,19.387,0.252,Mexico
1933-04-01,21.199,0.327,Mexico
1933-05-01,23.84,0.3229999999999999,Mexico
1933-06-01,24.753,0.249,Mexico
1933-07-01,25.318,0.22,Mexico
1933-08-01,24.554,0.227,Mexico
1933-09-01,23.915,0.351,Mexico
1933-10-01,21.534,0.385,Mexico
1933-11-01,18.229,0.4270000000000001,Mexico
1933-12-01,16.272000000000002,0.394,Mexico
1934-01-01,15.101,0.289,Mexico
1934-02-01,16.982,0.401,Mexico
1934-03-01,18.202,0.273,Mexico
1934-04-01,21.149,0.275,Mexico
1934-05-01,23.412,0.32,Mexico
1934-06-01,25.076,0.261,Mexico
1934-07-01,24.875,0.21,Mexico
1934-08-01,24.795,0.189,Mexico
1934-09-01,23.894,0.231,Mexico
1934-10-01,21.904,0.247,Mexico
1934-11-01,18.618,0.294,Mexico
1934-12-01,16.508,0.215,Mexico
1935-01-01,15.715,0.347,Mexico
1935-02-01,15.342,0.433,Mexico
1935-03-01,18.911,0.368,Mexico
1935-04-01,21.523000000000003,0.279,Mexico
1935-05-01,23.031999999999996,0.252,Mexico
1935-06-01,24.463,0.26,Mexico
1935-07-01,24.685,0.188,Mexico
1935-08-01,24.612,0.24,Mexico
1935-09-01,23.23,0.221,Mexico
1935-10-01,21.446,0.281,Mexico
1935-11-01,18.206,0.371,Mexico
1935-12-01,15.503,0.3670000000000001,Mexico
1936-01-01,15.615,0.46,Mexico
1936-02-01,16.695,0.384,Mexico
1936-03-01,19.244,0.289,Mexico
1936-04-01,20.664,0.226,Mexico
1936-05-01,23.133000000000003,0.23,Mexico
1936-06-01,25.425,0.211,Mexico
1936-07-01,24.862,0.163,Mexico
1936-08-01,24.636999999999997,0.219,Mexico
1936-09-01,23.385,0.253,Mexico
1936-10-01,20.804,0.28,Mexico
1936-11-01,17.877,0.257,Mexico
1936-12-01,16.014,0.299,Mexico
1937-01-01,15.84,0.457,Mexico
1937-02-01,17.061,0.241,Mexico
1937-03-01,18.227,0.295,Mexico
1937-04-01,21.269,0.297,Mexico
1937-05-01,23.216,0.277,Mexico
1937-06-01,25.041,0.215,Mexico
1937-07-01,24.924,0.236,Mexico
1937-08-01,25.451,0.238,Mexico
1937-09-01,23.993,0.159,Mexico
1937-10-01,21.756,0.234,Mexico
1937-11-01,18.25,0.363,Mexico
1937-12-01,15.945,0.333,Mexico
1938-01-01,15.725,0.307,Mexico
1938-02-01,17.177,0.265,Mexico
1938-03-01,19.81,0.231,Mexico
1938-04-01,20.729,0.4370000000000001,Mexico
1938-05-01,23.505,0.288,Mexico
1938-06-01,24.691,0.174,Mexico
1938-07-01,24.593000000000004,0.27,Mexico
1938-08-01,24.796,0.214,Mexico
1938-09-01,23.284,0.185,Mexico
1938-10-01,21.169,0.202,Mexico
1938-11-01,17.796999999999993,0.35,Mexico
1938-12-01,15.623,0.254,Mexico
1939-01-01,15.331,0.218,Mexico
1939-02-01,15.698,0.29,Mexico
1939-03-01,19.14,0.254,Mexico
1939-04-01,21.106,0.236,Mexico
1939-05-01,23.578000000000003,0.368,Mexico
1939-06-01,24.772,0.275,Mexico
1939-07-01,25.006,0.225,Mexico
1939-08-01,24.496,0.206,Mexico
1939-09-01,23.432,0.211,Mexico
1939-10-01,21.176,0.174,Mexico
1939-11-01,17.387999999999998,0.36,Mexico
1939-12-01,16.539,0.417,Mexico
1940-01-01,14.335,0.309,Mexico
1940-02-01,16.294999999999998,0.234,Mexico
1940-03-01,18.901,0.218,Mexico
1940-04-01,21.193,0.234,Mexico
1940-05-01,23.529,0.25,Mexico
1940-06-01,24.74,0.177,Mexico
1940-07-01,25.216,0.198,Mexico
1940-08-01,25.044,0.205,Mexico
1940-09-01,23.735,0.25,Mexico
1940-10-01,21.534,0.268,Mexico
1940-11-01,17.985999999999994,0.294,Mexico
1940-12-01,16.554000000000002,0.246,Mexico
1941-01-01,15.243,0.263,Mexico
1941-02-01,16.551,0.385,Mexico
1941-03-01,17.885,0.377,Mexico
1941-04-01,20.99,0.25,Mexico
1941-05-01,23.355,0.225,Mexico
1941-06-01,24.776,0.183,Mexico
1941-07-01,25.138,0.208,Mexico
1941-08-01,24.879,0.314,Mexico
1941-09-01,23.725,0.232,Mexico
1941-10-01,21.866,0.249,Mexico
1941-11-01,18.462,0.23,Mexico
1941-12-01,16.277,0.214,Mexico
1942-01-01,15.283,0.326,Mexico
1942-02-01,16.483999999999998,0.32,Mexico
1942-03-01,18.172,0.229,Mexico
1942-04-01,20.929,0.275,Mexico
1942-05-01,23.94,0.1369999999999999,Mexico
1942-06-01,25.252,0.179,Mexico
1942-07-01,25.042,0.254,Mexico
1942-08-01,24.488000000000003,0.259,Mexico
1942-09-01,23.141,0.185,Mexico
1942-10-01,21.185,0.176,Mexico
1942-11-01,18.78,0.176,Mexico
1942-12-01,16.227,0.251,Mexico
1943-01-01,15.046,0.25,Mexico
1943-02-01,16.948999999999998,0.131,Mexico
1943-03-01,19.046000000000006,0.1639999999999999,Mexico
1943-04-01,21.677,0.297,Mexico
1943-05-01,24.139,0.209,Mexico
1943-06-01,24.518,0.225,Mexico
1943-07-01,25.249,0.182,Mexico
1943-08-01,25.472,0.195,Mexico
1943-09-01,23.78,0.269,Mexico
1943-10-01,20.648000000000003,0.199,Mexico
1943-11-01,17.226999999999997,0.163,Mexico
1943-12-01,15.253,0.222,Mexico
1944-01-01,14.14,0.189,Mexico
1944-02-01,17.191,0.187,Mexico
1944-03-01,18.329,0.319,Mexico
1944-04-01,20.833,0.199,Mexico
1944-05-01,23.167,0.248,Mexico
1944-06-01,24.834,0.185,Mexico
1944-07-01,25.511999999999997,0.162,Mexico
1944-08-01,25.065,0.168,Mexico
1944-09-01,23.42,0.218,Mexico
1944-10-01,20.71,0.243,Mexico
1944-11-01,17.849999999999994,0.253,Mexico
1944-12-01,14.899,0.244,Mexico
1945-01-01,15.593,0.255,Mexico
1945-02-01,17.205,0.381,Mexico
1945-03-01,19.457,0.25,Mexico
1945-04-01,20.985,0.276,Mexico
1945-05-01,23.84,0.192,Mexico
1945-06-01,25.543000000000003,0.212,Mexico
1945-07-01,25.322,0.216,Mexico
1945-08-01,25.206999999999997,0.151,Mexico
1945-09-01,24.356,0.228,Mexico
1945-10-01,21.134,0.325,Mexico
1945-11-01,18.898,0.365,Mexico
1945-12-01,15.911,0.239,Mexico
1946-01-01,14.758,0.144,Mexico
1946-02-01,16.735,0.314,Mexico
1946-03-01,19.396,0.265,Mexico
1946-04-01,22.241,0.261,Mexico
1946-05-01,24.009,0.161,Mexico
1946-06-01,25.169,0.3,Mexico
1946-07-01,25.298,0.257,Mexico
1946-08-01,25.257,0.27,Mexico
1946-09-01,24.576,0.22,Mexico
1946-10-01,21.555,0.208,Mexico
1946-11-01,18.174,0.204,Mexico
1946-12-01,16.317,0.248,Mexico
1947-01-01,14.644,0.286,Mexico
1947-02-01,16.177,0.359,Mexico
1947-03-01,18.693,0.237,Mexico
1947-04-01,21.289,0.153,Mexico
1947-05-01,23.663,0.186,Mexico
1947-06-01,25.357,0.209,Mexico
1947-07-01,25.646,0.207,Mexico
1947-08-01,24.286,0.1669999999999999,Mexico
1947-09-01,23.698,0.211,Mexico
1947-10-01,22.29,0.195,Mexico
1947-11-01,18.027,0.205,Mexico
1947-12-01,15.134,0.347,Mexico
1948-01-01,14.452,0.16,Mexico
1948-02-01,17.108999999999998,0.244,Mexico
1948-03-01,18.908,0.233,Mexico
1948-04-01,22.134,0.139,Mexico
1948-05-01,24.022,0.197,Mexico
1948-06-01,25.564,0.16,Mexico
1948-07-01,25.149,0.201,Mexico
1948-08-01,25.41200000000001,0.269,Mexico
1948-09-01,23.667,0.208,Mexico
1948-10-01,20.972,0.253,Mexico
1948-11-01,17.987000000000002,0.181,Mexico
1948-12-01,17.25,0.143,Mexico
1949-01-01,14.34,0.201,Mexico
1949-02-01,16.997999999999998,0.279,Mexico
1949-03-01,19.485000000000007,0.328,Mexico
1949-04-01,20.662,0.183,Mexico
1949-05-01,23.928,0.107,Mexico
1949-06-01,25.293000000000003,0.121,Mexico
1949-07-01,25.183000000000003,0.187,Mexico
1949-08-01,25.072000000000006,0.153,Mexico
1949-09-01,24.411,0.177,Mexico
1949-10-01,21.509,0.17,Mexico
1949-11-01,17.863999999999994,0.227,Mexico
1949-12-01,16.248,0.192,Mexico
1950-01-01,17.041,0.131,Mexico
1950-02-01,17.555999999999994,0.146,Mexico
1950-03-01,19.407,0.258,Mexico
1950-04-01,21.627,0.187,Mexico
1950-05-01,23.997,0.205,Mexico
1950-06-01,25.1,0.193,Mexico
1950-07-01,24.63,0.091,Mexico
1950-08-01,25.046,0.155,Mexico
1950-09-01,24.327,0.207,Mexico
1950-10-01,22.091,0.156,Mexico
1950-11-01,18.338,0.214,Mexico
1950-12-01,15.921,0.188,Mexico
1951-01-01,15.052,0.181,Mexico
1951-02-01,16.169999999999998,0.1669999999999999,Mexico
1951-03-01,18.656,0.117,Mexico
1951-04-01,21.188,0.182,Mexico
1951-05-01,23.553,0.23,Mexico
1951-06-01,25.598000000000003,0.453,Mexico
1951-07-01,25.599,0.208,Mexico
1951-08-01,25.519,0.133,Mexico
1951-09-01,24.466,0.308,Mexico
1951-10-01,22.062,0.172,Mexico
1951-11-01,18.564,0.318,Mexico
1951-12-01,16.983999999999998,0.274,Mexico
1952-01-01,17.102,0.147,Mexico
1952-02-01,16.808,0.162,Mexico
1952-03-01,18.541,0.159,Mexico
1952-04-01,20.634,0.208,Mexico
1952-05-01,23.576,0.229,Mexico
1952-06-01,24.875,0.176,Mexico
1952-07-01,25.054,0.2,Mexico
1952-08-01,25.549,0.256,Mexico
1952-09-01,24.341,0.194,Mexico
1952-10-01,20.788,0.173,Mexico
1952-11-01,18.127,0.102,Mexico
1952-12-01,15.253,0.144,Mexico
1953-01-01,15.85,0.1689999999999999,Mexico
1953-02-01,16.767,0.124,Mexico
1953-03-01,20.243,0.11,Mexico
1953-04-01,21.816,0.212,Mexico
1953-05-01,23.616,0.256,Mexico
1953-06-01,26.005,0.181,Mexico
1953-07-01,25.701,0.243,Mexico
1953-08-01,25.471,0.199,Mexico
1953-09-01,23.739,0.224,Mexico
1953-10-01,21.411,0.136,Mexico
1953-11-01,17.791999999999994,0.149,Mexico
1953-12-01,14.447,0.1369999999999999,Mexico
1954-01-01,16.291,0.246,Mexico
1954-02-01,17.72,0.264,Mexico
1954-03-01,19.182,0.3229999999999999,Mexico
1954-04-01,22.193,0.26,Mexico
1954-05-01,23.482,0.118,Mexico
1954-06-01,25.089,0.19,Mexico
1954-07-01,24.884,0.178,Mexico
1954-08-01,24.748,0.152,Mexico
1954-09-01,24.346,0.279,Mexico
1954-10-01,21.629,0.259,Mexico
1954-11-01,17.982,0.125,Mexico
1954-12-01,15.636,0.269,Mexico
1955-01-01,14.339,0.149,Mexico
1955-02-01,15.698,0.119,Mexico
1955-03-01,19.406,0.168,Mexico
1955-04-01,21.734,0.166,Mexico
1955-05-01,23.821,0.285,Mexico
1955-06-01,25.288,0.194,Mexico
1955-07-01,24.444000000000003,0.177,Mexico
1955-08-01,24.55,0.232,Mexico
1955-09-01,23.623,0.155,Mexico
1955-10-01,20.808000000000003,0.14,Mexico
1955-11-01,18.14,0.224,Mexico
1955-12-01,15.752,0.2,Mexico
1956-01-01,15.092,0.192,Mexico
1956-02-01,16.391,0.212,Mexico
1956-03-01,19.198,0.245,Mexico
1956-04-01,21.039,0.303,Mexico
1956-05-01,23.751,0.29,Mexico
1956-06-01,24.868,0.181,Mexico
1956-07-01,24.665,0.176,Mexico
1956-08-01,24.883000000000006,0.179,Mexico
1956-09-01,23.84,0.224,Mexico
1956-10-01,21.656,0.17,Mexico
1956-11-01,17.56,0.26,Mexico
1956-12-01,15.742,0.343,Mexico
1957-01-01,16.755,0.235,Mexico
1957-02-01,18.678,0.249,Mexico
1957-03-01,18.314,0.265,Mexico
1957-04-01,20.969,0.405,Mexico
1957-05-01,22.944000000000003,0.23,Mexico
1957-06-01,25.514,0.4270000000000001,Mexico
1957-07-01,25.908,0.397,Mexico
1957-08-01,25.427,0.745,Mexico
1957-09-01,24.121,0.495,Mexico
1957-10-01,20.752,0.453,Mexico
1957-11-01,17.756999999999994,0.315,Mexico
1957-12-01,16.118,0.244,Mexico
1958-01-01,13.678,0.225,Mexico
1958-02-01,15.954999999999998,0.285,Mexico
1958-03-01,17.783,0.157,Mexico
1958-04-01,21.582,0.279,Mexico
1958-05-01,23.923,0.276,Mexico
1958-06-01,25.625,0.272,Mexico
1958-07-01,25.428,0.409,Mexico
1958-08-01,25.336,0.224,Mexico
1958-09-01,24.098000000000003,0.135,Mexico
1958-10-01,21.178,0.225,Mexico
1958-11-01,18.591,0.152,Mexico
1958-12-01,15.764,0.181,Mexico
1959-01-01,15.326,0.29,Mexico
1959-02-01,17.064,0.146,Mexico
1959-03-01,18.378,0.378,Mexico
1959-04-01,20.905,0.293,Mexico
1959-05-01,23.461,0.106,Mexico
1959-06-01,25.327,0.163,Mexico
1959-07-01,24.984,0.294,Mexico
1959-08-01,24.776,0.243,Mexico
1959-09-01,24.281999999999996,0.305,Mexico
1959-10-01,21.571,0.231,Mexico
1959-11-01,17.558999999999994,0.159,Mexico
1959-12-01,15.382,0.185,Mexico
1960-01-01,14.978,0.233,Mexico
1960-02-01,14.635,0.326,Mexico
1960-03-01,18.622,0.184,Mexico
1960-04-01,21.023000000000003,0.206,Mexico
1960-05-01,23.526,0.31,Mexico
1960-06-01,26.039,0.226,Mexico
1960-07-01,25.4,0.223,Mexico
1960-08-01,25.074,0.276,Mexico
1960-09-01,23.818,0.177,Mexico
1960-10-01,22.091,0.178,Mexico
1960-11-01,18.999,0.272,Mexico
1960-12-01,14.754,0.148,Mexico
1961-01-01,14.646,0.294,Mexico
1961-02-01,16.067999999999998,0.136,Mexico
1961-03-01,18.996,0.18,Mexico
1961-04-01,21.506,0.285,Mexico
1961-05-01,24.381,0.244,Mexico
1961-06-01,25.027,0.232,Mexico
1961-07-01,24.651999999999997,0.237,Mexico
1961-08-01,24.658,0.149,Mexico
1961-09-01,23.891,0.125,Mexico
1961-10-01,21.294,0.212,Mexico
1961-11-01,17.665999999999997,0.12,Mexico
1961-12-01,15.902,0.12,Mexico
1962-01-01,14.177,0.177,Mexico
1962-02-01,17.945,0.199,Mexico
1962-03-01,17.948,0.216,Mexico
1962-04-01,21.269,0.226,Mexico
1962-05-01,23.675,0.147,Mexico
1962-06-01,25.079,0.508,Mexico
1962-07-01,25.437,0.354,Mexico
1962-08-01,25.781999999999996,0.211,Mexico
1962-09-01,24.283,0.28,Mexico
1962-10-01,22.254,0.297,Mexico
1962-11-01,18.337,0.192,Mexico
1962-12-01,15.734000000000002,0.275,Mexico
1963-01-01,14.823,0.168,Mexico
1963-02-01,16.128999999999998,0.211,Mexico
1963-03-01,19.474,0.2,Mexico
1963-04-01,22.418000000000003,0.225,Mexico
1963-05-01,24.085,0.292,Mexico
1963-06-01,25.211,0.278,Mexico
1963-07-01,25.151,0.315,Mexico
1963-08-01,24.928,0.205,Mexico
1963-09-01,24.093000000000004,0.256,Mexico
1963-10-01,21.401,0.25,Mexico
1963-11-01,18.189,0.244,Mexico
1963-12-01,14.651,0.198,Mexico
1964-01-01,14.037,0.234,Mexico
1964-02-01,15.316999999999998,0.163,Mexico
1964-03-01,18.481,0.136,Mexico
1964-04-01,21.868,0.186,Mexico
1964-05-01,23.836,0.25,Mexico
1964-06-01,24.499,0.277,Mexico
1964-07-01,25.337,0.253,Mexico
1964-08-01,25.19,0.331,Mexico
1964-09-01,23.943,0.23,Mexico
1964-10-01,20.633000000000003,0.292,Mexico
1964-11-01,18.317,0.168,Mexico
1964-12-01,15.578,0.125,Mexico
1965-01-01,15.595999999999998,0.192,Mexico
1965-02-01,15.342,0.147,Mexico
1965-03-01,17.845000000000006,0.345,Mexico
1965-04-01,21.725,0.153,Mexico
1965-05-01,23.553,0.28,Mexico
1965-06-01,24.8,0.456,Mexico
1965-07-01,25.105,0.263,Mexico
1965-08-01,24.607,0.127,Mexico
1965-09-01,23.935,0.222,Mexico
1965-10-01,20.656,0.353,Mexico
1965-11-01,19.641,0.324,Mexico
1965-12-01,16.009,0.279,Mexico
1966-01-01,13.608,0.222,Mexico
1966-02-01,14.886,0.1639999999999999,Mexico
1966-03-01,18.183,0.231,Mexico
1966-04-01,21.24,0.1369999999999999,Mexico
1966-05-01,23.725,0.227,Mexico
1966-06-01,24.963,0.229,Mexico
1966-07-01,25.472,0.184,Mexico
1966-08-01,24.874,0.248,Mexico
1966-09-01,23.938,0.333,Mexico
1966-10-01,20.796,0.237,Mexico
1966-11-01,18.172,0.236,Mexico
1966-12-01,14.819,0.165,Mexico
1967-01-01,14.289,0.172,Mexico
1967-02-01,16.119,0.288,Mexico
1967-03-01,19.613000000000003,0.205,Mexico
1967-04-01,21.846,0.141,Mexico
1967-05-01,23.769,0.219,Mexico
1967-06-01,25.031,0.193,Mexico
1967-07-01,25.241999999999997,0.356,Mexico
1967-08-01,24.522,0.272,Mexico
1967-09-01,23.115,0.275,Mexico
1967-10-01,20.738000000000003,0.153,Mexico
1967-11-01,18.55,0.154,Mexico
1967-12-01,15.366,0.18,Mexico
1968-01-01,14.893,0.19,Mexico
1968-02-01,15.858,0.215,Mexico
1968-03-01,16.987000000000002,0.209,Mexico
1968-04-01,20.755,0.219,Mexico
1968-05-01,23.438,0.195,Mexico
1968-06-01,24.848000000000003,0.321,Mexico
1968-07-01,24.456999999999997,0.325,Mexico
1968-08-01,24.38000000000001,0.274,Mexico
1968-09-01,23.349,0.236,Mexico
1968-10-01,21.69,0.196,Mexico
1968-11-01,17.720999999999997,0.1689999999999999,Mexico
1968-12-01,15.417,0.15,Mexico
1969-01-01,16.11,0.186,Mexico
1969-02-01,16.695,0.14,Mexico
1969-03-01,17.330000000000002,0.13,Mexico
1969-04-01,21.769,0.251,Mexico
1969-05-01,23.586,0.215,Mexico
1969-06-01,25.538,0.301,Mexico
1969-07-01,25.886,0.226,Mexico
1969-08-01,25.396,0.269,Mexico
1969-09-01,24.065,0.154,Mexico
1969-10-01,21.559,0.147,Mexico
1969-11-01,17.926,0.157,Mexico
1969-12-01,15.646,0.27,Mexico
1970-01-01,14.483,0.252,Mexico
1970-02-01,16.02,0.165,Mexico
1970-03-01,17.919,0.309,Mexico
1970-04-01,21.513,0.198,Mexico
1970-05-01,23.004,0.146,Mexico
1970-06-01,24.781999999999996,0.269,Mexico
1970-07-01,24.995,0.265,Mexico
1970-08-01,25.146,0.24,Mexico
1970-09-01,23.4,0.243,Mexico
1970-10-01,20.638,0.1689999999999999,Mexico
1970-11-01,17.255,0.216,Mexico
1970-12-01,16.726,0.207,Mexico
1971-01-01,15.925,0.179,Mexico
1971-02-01,16.453,0.275,Mexico
1971-03-01,19.329,0.202,Mexico
1971-04-01,20.351,0.228,Mexico
1971-05-01,23.347,0.209,Mexico
1971-06-01,24.394,0.1639999999999999,Mexico
1971-07-01,24.801,0.285,Mexico
1971-08-01,23.804,0.226,Mexico
1971-09-01,23.627,0.248,Mexico
1971-10-01,20.97,0.26,Mexico
1971-11-01,18.409,0.207,Mexico
1971-12-01,16.274,0.17,Mexico
1972-01-01,15.91,0.25,Mexico
1972-02-01,16.412,0.162,Mexico
1972-03-01,19.97,0.2,Mexico
1972-04-01,22.314,0.272,Mexico
1972-05-01,23.446,0.2,Mexico
1972-06-01,24.521,0.254,Mexico
1972-07-01,24.821,0.226,Mexico
1972-08-01,24.327,0.257,Mexico
1972-09-01,23.981,0.21,Mexico
1972-10-01,21.983,0.258,Mexico
1972-11-01,18.13,0.191,Mexico
1972-12-01,15.885,0.205,Mexico
1973-01-01,14.235,0.229,Mexico
1973-02-01,15.922,0.261,Mexico
1973-03-01,18.965,0.301,Mexico
1973-04-01,20.33,0.184,Mexico
1973-05-01,23.594,0.285,Mexico
1973-06-01,24.67,0.225,Mexico
1973-07-01,24.871,0.27,Mexico
1973-08-01,24.085,0.305,Mexico
1973-09-01,23.971,0.178,Mexico
1973-10-01,21.31,0.236,Mexico
1973-11-01,19.043,0.141,Mexico
1973-12-01,14.958,0.257,Mexico
1974-01-01,16.101,0.269,Mexico
1974-02-01,16.127,0.265,Mexico
1974-03-01,19.688,0.197,Mexico
1974-04-01,21.421,0.19,Mexico
1974-05-01,23.851,0.211,Mexico
1974-06-01,25.042,0.224,Mexico
1974-07-01,24.279,0.248,Mexico
1974-08-01,24.661,0.272,Mexico
1974-09-01,23.068,0.222,Mexico
1974-10-01,20.58,0.092,Mexico
1974-11-01,17.7,0.362,Mexico
1974-12-01,15.06,0.202,Mexico
1975-01-01,15.032,0.162,Mexico
1975-02-01,16.413999999999998,0.19,Mexico
1975-03-01,19.317,0.155,Mexico
1975-04-01,21.117,0.132,Mexico
1975-05-01,23.236,0.211,Mexico
1975-06-01,24.819000000000003,0.27,Mexico
1975-07-01,24.156999999999996,0.408,Mexico
1975-08-01,24.36,0.471,Mexico
1975-09-01,22.809,0.275,Mexico
1975-10-01,20.8,0.239,Mexico
1975-11-01,18.111,0.146,Mexico
1975-12-01,15.22,0.179,Mexico
1976-01-01,14.442,0.179,Mexico
1976-02-01,16.919999999999998,0.191,Mexico
1976-03-01,19.231,0.134,Mexico
1976-04-01,20.745,0.152,Mexico
1976-05-01,22.803,0.34,Mexico
1976-06-01,24.831999999999997,0.248,Mexico
1976-07-01,23.85,0.436,Mexico
1976-08-01,24.361,0.281,Mexico
1976-09-01,23.358,0.299,Mexico
1976-10-01,20.003,0.266,Mexico
1976-11-01,16.383,0.187,Mexico
1976-12-01,14.82,0.189,Mexico
1977-01-01,14.691,0.1369999999999999,Mexico
1977-02-01,16.275,0.253,Mexico
1977-03-01,18.44100000000001,0.1689999999999999,Mexico
1977-04-01,20.247,0.12,Mexico
1977-05-01,23.161,0.242,Mexico
1977-06-01,24.83,0.213,Mexico
1977-07-01,25.015,0.253,Mexico
1977-08-01,25.392,0.283,Mexico
1977-09-01,24.726999999999997,0.227,Mexico
1977-10-01,21.877,0.222,Mexico
1977-11-01,18.656,0.131,Mexico
1977-12-01,16.783,0.243,Mexico
1978-01-01,15.015999999999998,0.212,Mexico
1978-02-01,15.161,0.222,Mexico
1978-03-01,18.76,0.175,Mexico
1978-04-01,21.565,0.282,Mexico
1978-05-01,24.055999999999997,0.218,Mexico
1978-06-01,25.514,0.252,Mexico
1978-07-01,25.523000000000003,0.268,Mexico
1978-08-01,24.731,0.253,Mexico
1978-09-01,23.276999999999997,0.189,Mexico
1978-10-01,20.958,0.161,Mexico
1978-11-01,18.725,0.229,Mexico
1978-12-01,15.78,0.246,Mexico
1979-01-01,14.258,0.231,Mexico
1979-02-01,16.035,0.139,Mexico
1979-03-01,18.727,0.183,Mexico
1979-04-01,21.527,0.217,Mexico
1979-05-01,22.953000000000003,0.288,Mexico
1979-06-01,24.751,0.108,Mexico
1979-07-01,25.835,0.229,Mexico
1979-08-01,24.47300000000001,0.319,Mexico
1979-09-01,23.421999999999997,0.138,Mexico
1979-10-01,21.921,0.14,Mexico
1979-11-01,17.217,0.118,Mexico
1979-12-01,15.709,0.149,Mexico
1980-01-01,15.664,0.165,Mexico
1980-02-01,16.715999999999998,0.101,Mexico
1980-03-01,19.272,0.136,Mexico
1980-04-01,20.693,0.196,Mexico
1980-05-01,23.947,0.211,Mexico
1980-06-01,26.521,0.216,Mexico
1980-07-01,26.347,0.295,Mexico
1980-08-01,25.09,0.218,Mexico
1980-09-01,24.273000000000003,0.176,Mexico
1980-10-01,20.892,0.1689999999999999,Mexico
1980-11-01,17.18,0.131,Mexico
1980-12-01,15.833,0.16,Mexico
1981-01-01,14.321,0.253,Mexico
1981-02-01,16.665,0.189,Mexico
1981-03-01,18.187,0.108,Mexico
1981-04-01,21.348000000000003,0.181,Mexico
1981-05-01,23.378,0.201,Mexico
1981-06-01,24.918000000000003,0.336,Mexico
1981-07-01,24.988000000000003,0.32,Mexico
1981-08-01,24.974,0.214,Mexico
1981-09-01,23.756,0.229,Mexico
1981-10-01,21.406,0.267,Mexico
1981-11-01,18.61,0.184,Mexico
1981-12-01,16.494,0.244,Mexico
1982-01-01,15.864,0.201,Mexico
1982-02-01,16.957,0.205,Mexico
1982-03-01,19.8,0.203,Mexico
1982-04-01,22.34,0.176,Mexico
1982-05-01,23.239,0.265,Mexico
1982-06-01,25.599,0.265,Mexico
1982-07-01,25.255,0.234,Mexico
1982-08-01,25.341,0.153,Mexico
1982-09-01,24.305999999999997,0.161,Mexico
1982-10-01,21.155,0.172,Mexico
1982-11-01,17.793999999999997,0.219,Mexico
1982-12-01,14.963,0.303,Mexico
1983-01-01,14.617,0.26,Mexico
1983-02-01,15.728,0.265,Mexico
1983-03-01,17.948,0.191,Mexico
1983-04-01,20.021,0.179,Mexico
1983-05-01,23.972,0.156,Mexico
1983-06-01,25.445,0.289,Mexico
1983-07-01,25.264,0.19,Mexico
1983-08-01,24.865,0.215,Mexico
1983-09-01,24.248,0.159,Mexico
1983-10-01,21.642,0.172,Mexico
1983-11-01,18.601,0.227,Mexico
1983-12-01,15.754,0.272,Mexico
1984-01-01,14.521,0.224,Mexico
1984-02-01,15.945,0.197,Mexico
1984-03-01,19.105,0.225,Mexico
1984-04-01,21.666,0.156,Mexico
1984-05-01,23.788,0.188,Mexico
1984-06-01,24.515,0.152,Mexico
1984-07-01,24.065,0.26,Mexico
1984-08-01,24.268,0.194,Mexico
1984-09-01,23.092,0.144,Mexico
1984-10-01,21.085,0.257,Mexico
1984-11-01,17.656,0.185,Mexico
1984-12-01,16.432000000000002,0.274,Mexico
1985-01-01,13.758,0.172,Mexico
1985-02-01,15.696,0.154,Mexico
1985-03-01,19.313,0.142,Mexico
1985-04-01,21.037,0.317,Mexico
1985-05-01,23.885,0.208,Mexico
1985-06-01,24.783,0.35,Mexico
1985-07-01,24.611,0.216,Mexico
1985-08-01,25.006,0.255,Mexico
1985-09-01,23.686,0.204,Mexico
1985-10-01,21.362,0.166,Mexico
1985-11-01,18.564,0.14,Mexico
1985-12-01,15.546,0.345,Mexico
1986-01-01,15.335,0.261,Mexico
1986-02-01,17.381999999999998,0.225,Mexico
1986-03-01,18.76,0.232,Mexico
1986-04-01,22.455,0.185,Mexico
1986-05-01,23.682,0.185,Mexico
1986-06-01,24.565,0.213,Mexico
1986-07-01,24.483,0.221,Mexico
1986-08-01,25.068,0.135,Mexico
1986-09-01,23.786,0.181,Mexico
1986-10-01,20.779,0.168,Mexico
1986-11-01,18.593,0.159,Mexico
1986-12-01,15.32,0.162,Mexico
1987-01-01,14.297,0.255,Mexico
1987-02-01,16.035999999999998,0.197,Mexico
1987-03-01,17.57,0.171,Mexico
1987-04-01,20.065,0.251,Mexico
1987-05-01,22.809,0.196,Mexico
1987-06-01,24.956999999999997,0.1639999999999999,Mexico
1987-07-01,25.054,0.21,Mexico
1987-08-01,24.94,0.239,Mexico
1987-09-01,24.186,0.227,Mexico
1987-10-01,21.495,0.16,Mexico
1987-11-01,18.002,0.165,Mexico
1987-12-01,16.051,0.223,Mexico
1988-01-01,14.493,0.191,Mexico
1988-02-01,16.813,0.153,Mexico
1988-03-01,18.649,0.203,Mexico
1988-04-01,21.332,0.182,Mexico
1988-05-01,23.703000000000003,0.258,Mexico
1988-06-01,24.811,0.253,Mexico
1988-07-01,24.8,0.13,Mexico
1988-08-01,24.623,0.143,Mexico
1988-09-01,23.57,0.289,Mexico
1988-10-01,21.509,0.105,Mexico
1988-11-01,18.911,0.153,Mexico
1988-12-01,15.619000000000002,0.215,Mexico
1989-01-01,15.785,0.277,Mexico
1989-02-01,16.871,0.236,Mexico
1989-03-01,18.91200000000001,0.318,Mexico
1989-04-01,21.969,0.29,Mexico
1989-05-01,24.435,0.18,Mexico
1989-06-01,25.598000000000003,0.25,Mexico
1989-07-01,25.511,0.207,Mexico
1989-08-01,24.642,0.374,Mexico
1989-09-01,23.599,0.214,Mexico
1989-10-01,21.209,0.242,Mexico
1989-11-01,18.783,0.205,Mexico
1989-12-01,14.268,0.178,Mexico
1990-01-01,15.813,0.256,Mexico
1990-02-01,16.541999999999998,0.1669999999999999,Mexico
1990-03-01,19.09800000000001,0.202,Mexico
1990-04-01,21.734,0.146,Mexico
1990-05-01,24.229,0.144,Mexico
1990-06-01,26.144,0.258,Mexico
1990-07-01,24.485,0.156,Mexico
1990-08-01,24.32,0.224,Mexico
1990-09-01,23.491999999999997,0.194,Mexico
1990-10-01,21.158,0.185,Mexico
1990-11-01,18.73,0.333,Mexico
1990-12-01,15.785,0.258,Mexico
1991-01-01,15.434,0.184,Mexico
1991-02-01,17.141,0.14,Mexico
1991-03-01,19.514000000000006,0.221,Mexico
1991-04-01,22.058000000000003,0.211,Mexico
1991-05-01,24.116,0.212,Mexico
1991-06-01,25.074,0.161,Mexico
1991-07-01,24.313,0.228,Mexico
1991-08-01,24.92,0.172,Mexico
1991-09-01,22.943,0.174,Mexico
1991-10-01,21.425,0.22,Mexico
1991-11-01,17.34,0.146,Mexico
1991-12-01,15.798,0.138,Mexico
1992-01-01,14.186,0.227,Mexico
1992-02-01,15.995,0.187,Mexico
1992-03-01,18.903,0.173,Mexico
1992-04-01,20.981,0.301,Mexico
1992-05-01,22.792,0.121,Mexico
1992-06-01,25.652,0.263,Mexico
1992-07-01,25.298,0.268,Mexico
1992-08-01,24.717,0.135,Mexico
1992-09-01,24.069000000000003,0.283,Mexico
1992-10-01,21.479,0.176,Mexico
1992-11-01,17.378999999999998,0.282,Mexico
1992-12-01,16.352999999999998,0.403,Mexico
1993-01-01,16.084,0.236,Mexico
1993-02-01,16.881,0.227,Mexico
1993-03-01,18.854000000000006,0.196,Mexico
1993-04-01,21.325,0.163,Mexico
1993-05-01,23.406999999999996,0.288,Mexico
1993-06-01,25.217,0.176,Mexico
1993-07-01,25.042,0.128,Mexico
1993-08-01,25.158,0.13,Mexico
1993-09-01,23.441999999999997,0.189,Mexico
1993-10-01,21.386999999999997,0.12,Mexico
1993-11-01,18.136,0.222,Mexico
1993-12-01,16.333,0.236,Mexico
1994-01-01,15.577,0.224,Mexico
1994-02-01,17.108999999999998,0.163,Mexico
1994-03-01,19.286,0.239,Mexico
1994-04-01,21.451,0.144,Mexico
1994-05-01,24.033,0.227,Mexico
1994-06-01,25.685,0.208,Mexico
1994-07-01,25.834,0.264,Mexico
1994-08-01,25.19100000000001,0.225,Mexico
1994-09-01,23.898000000000003,0.221,Mexico
1994-10-01,21.734,0.149,Mexico
1994-11-01,19.392,0.247,Mexico
1994-12-01,16.719,0.263,Mexico
1995-01-01,15.601,0.238,Mexico
1995-02-01,18.112,0.16,Mexico
1995-03-01,19.31900000000001,0.202,Mexico
1995-04-01,21.296,0.22,Mexico
1995-05-01,24.439,0.27,Mexico
1995-06-01,25.42,0.2,Mexico
1995-07-01,25.645,0.177,Mexico
1995-08-01,25.351999999999997,0.146,Mexico
1995-09-01,24.281999999999996,0.196,Mexico
1995-10-01,21.656999999999996,0.21,Mexico
1995-11-01,19.293,0.111,Mexico
1995-12-01,16.032,0.177,Mexico
1996-01-01,15.287,0.245,Mexico
1996-02-01,17.75,0.187,Mexico
1996-03-01,18.298,0.207,Mexico
1996-04-01,21.277,0.187,Mexico
1996-05-01,25.105,0.149,Mexico
1996-06-01,25.747,0.234,Mexico
1996-07-01,25.778,0.324,Mexico
1996-08-01,24.72,0.235,Mexico
1996-09-01,23.976999999999997,0.188,Mexico
1996-10-01,21.259,0.17,Mexico
1996-11-01,18.459,0.217,Mexico
1996-12-01,15.929,0.21,Mexico
1997-01-01,14.743,0.189,Mexico
1997-02-01,16.561999999999998,0.131,Mexico
1997-03-01,19.703000000000007,0.292,Mexico
1997-04-01,19.879,0.163,Mexico
1997-05-01,23.644,0.179,Mexico
1997-06-01,25.444000000000003,0.1689999999999999,Mexico
1997-07-01,25.706999999999997,0.265,Mexico
1997-08-01,25.779,0.234,Mexico
1997-09-01,24.786,0.205,Mexico
1997-10-01,21.144,0.192,Mexico
1997-11-01,18.704,0.147,Mexico
1997-12-01,14.688,0.199,Mexico
1998-01-01,16.047,0.256,Mexico
1998-02-01,16.311999999999998,0.161,Mexico
1998-03-01,18.765,0.174,Mexico
1998-04-01,21.346,0.132,Mexico
1998-05-01,24.893,0.171,Mexico
1998-06-01,26.926,0.1689999999999999,Mexico
1998-07-01,26.265,0.253,Mexico
1998-08-01,25.648000000000003,0.175,Mexico
1998-09-01,24.636999999999997,0.187,Mexico
1998-10-01,22.14,0.101,Mexico
1998-11-01,19.407,0.103,Mexico
1998-12-01,15.995,0.257,Mexico
1999-01-01,15.772,0.269,Mexico
1999-02-01,17.9,0.26,Mexico
1999-03-01,19.478,0.108,Mexico
1999-04-01,22.11,0.219,Mexico
1999-05-01,24.425,0.183,Mexico
1999-06-01,25.277,0.262,Mexico
1999-07-01,24.632,0.285,Mexico
1999-08-01,25.281999999999996,0.2,Mexico
1999-09-01,24.143,0.309,Mexico
1999-10-01,21.241,0.282,Mexico
1999-11-01,18.445,0.212,Mexico
1999-12-01,14.837,0.156,Mexico
2000-01-01,16.099,0.214,Mexico
2000-02-01,18.049,0.213,Mexico
2000-03-01,19.951,0.159,Mexico
2000-04-01,22.275,0.211,Mexico
2000-05-01,24.8,0.202,Mexico
2000-06-01,24.765,0.242,Mexico
2000-07-01,25.812,0.258,Mexico
2000-08-01,24.857,0.359,Mexico
2000-09-01,24.482,0.276,Mexico
2000-10-01,20.929,0.207,Mexico
2000-11-01,17.58,0.197,Mexico
2000-12-01,15.186,0.232,Mexico
2001-01-01,14.828,0.194,Mexico
2001-02-01,17.349,0.286,Mexico
2001-03-01,18.424000000000003,0.155,Mexico
2001-04-01,21.982,0.245,Mexico
2001-05-01,24.108,0.285,Mexico
2001-06-01,25.566999999999997,0.337,Mexico
2001-07-01,25.536,0.286,Mexico
2001-08-01,25.489,0.182,Mexico
2001-09-01,24.278,0.321,Mexico
2001-10-01,21.665,0.216,Mexico
2001-11-01,18.745,0.208,Mexico
2001-12-01,15.625,0.255,Mexico
2002-01-01,15.748,0.327,Mexico
2002-02-01,16.151999999999994,0.208,Mexico
2002-03-01,19.208,0.172,Mexico
2002-04-01,22.881,0.237,Mexico
2002-05-01,24.824,0.203,Mexico
2002-06-01,25.705,0.109,Mexico
2002-07-01,25.123,0.328,Mexico
2002-08-01,25.568,0.225,Mexico
2002-09-01,24.142,0.25,Mexico
2002-10-01,21.871,0.261,Mexico
2002-11-01,18.011,0.231,Mexico
2002-12-01,15.467,0.301,Mexico
2003-01-01,15.880999999999998,0.275,Mexico
2003-02-01,17.294999999999998,0.249,Mexico
2003-03-01,19.288,0.151,Mexico
2003-04-01,21.84,0.236,Mexico
2003-05-01,25.305,0.187,Mexico
2003-06-01,25.519,0.303,Mexico
2003-07-01,25.307,0.375,Mexico
2003-08-01,25.298,0.366,Mexico
2003-09-01,24.013,0.26,Mexico
2003-10-01,21.886999999999997,0.337,Mexico
2003-11-01,19.116,0.168,Mexico
2003-12-01,15.204,0.315,Mexico
2004-01-01,15.149,0.291,Mexico
2004-02-01,15.954999999999998,0.213,Mexico
2004-03-01,20.268,0.146,Mexico
2004-04-01,21.085,0.181,Mexico
2004-05-01,24.006,0.219,Mexico
2004-06-01,25.076,0.286,Mexico
2004-07-01,25.417,0.246,Mexico
2004-08-01,25.232,0.227,Mexico
2004-09-01,23.601,0.134,Mexico
2004-10-01,22.045,0.228,Mexico
2004-11-01,17.935,0.166,Mexico
2004-12-01,15.329,0.165,Mexico
2005-01-01,16.441,0.161,Mexico
2005-02-01,16.869999999999994,0.235,Mexico
2005-03-01,18.947000000000006,0.136,Mexico
2005-04-01,21.911,0.216,Mexico
2005-05-01,24.073,0.124,Mexico
2005-06-01,26.095,0.22,Mexico
2005-07-01,26.002,0.187,Mexico
2005-08-01,25.074,0.207,Mexico
2005-09-01,24.994,0.212,Mexico
2005-10-01,21.671999999999997,0.175,Mexico
2005-11-01,18.756,0.232,Mexico
2005-12-01,16.127,0.226,Mexico
2006-01-01,16.098,0.295,Mexico
2006-02-01,17.518,0.246,Mexico
2006-03-01,19.793000000000006,0.328,Mexico
2006-04-01,22.982,0.267,Mexico
2006-05-01,24.538,0.306,Mexico
2006-06-01,25.751,0.245,Mexico
2006-07-01,25.613000000000003,0.234,Mexico
2006-08-01,25.066999999999997,0.218,Mexico
2006-09-01,23.841,0.207,Mexico
2006-10-01,21.805999999999997,0.177,Mexico
2006-11-01,18.755,0.136,Mexico
2006-12-01,15.255,0.181,Mexico
2007-01-01,14.467,0.177,Mexico
2007-02-01,16.865,0.25,Mexico
2007-03-01,19.776000000000003,0.215,Mexico
2007-04-01,21.353,0.21,Mexico
2007-05-01,23.885,0.16,Mexico
2007-06-01,25.431,0.262,Mexico
2007-07-01,25.114,0.177,Mexico
2007-08-01,25.19400000000001,0.166,Mexico
2007-09-01,24.086,0.253,Mexico
2007-10-01,21.726999999999997,0.156,Mexico
2007-11-01,18.816,0.182,Mexico
2007-12-01,16.238,0.264,Mexico
2008-01-01,15.258,0.216,Mexico
2008-02-01,17.707,0.246,Mexico
2008-03-01,19.088,0.25,Mexico
2008-04-01,22.226999999999997,0.147,Mexico
2008-05-01,24.351,0.131,Mexico
2008-06-01,25.837,0.243,Mexico
2008-07-01,24.776,0.1369999999999999,Mexico
2008-08-01,24.841,0.23,Mexico
2008-09-01,23.229,0.241,Mexico
2008-10-01,21.35,0.226,Mexico
2008-11-01,18.207,0.116,Mexico
2008-12-01,16.152,0.211,Mexico
2009-01-01,16.354,0.243,Mexico
2009-02-01,17.954,0.283,Mexico
2009-03-01,19.796000000000006,0.182,Mexico
2009-04-01,21.955,0.122,Mexico
2009-05-01,24.741999999999997,0.213,Mexico
2009-06-01,25.738000000000003,0.184,Mexico
2009-07-01,26.518,0.313,Mexico
2009-08-01,25.976999999999997,0.215,Mexico
2009-09-01,24.169,0.176,Mexico
2009-10-01,21.828000000000003,0.161,Mexico
2009-11-01,18.339,0.253,Mexico
2009-12-01,15.183,0.126,Mexico
2010-01-01,14.67,0.227,Mexico
2010-02-01,15.343,0.192,Mexico
2010-03-01,18.291,0.216,Mexico
2010-04-01,21.358,0.197,Mexico
2010-05-01,24.529,0.206,Mexico
2010-06-01,26.187,0.208,Mexico
2010-07-01,25.1,0.227,Mexico
2010-08-01,25.72600000000001,0.271,Mexico
2010-09-01,24.256,0.239,Mexico
2010-10-01,21.331999999999997,0.17,Mexico
2010-11-01,17.907999999999994,0.2,Mexico
2010-12-01,15.535,0.26,Mexico
2011-01-01,15.337,0.272,Mexico
2011-02-01,16.426,0.241,Mexico
2011-03-01,20.615,0.224,Mexico
2011-04-01,23.347,0.232,Mexico
2011-05-01,24.842,0.277,Mexico
2011-06-01,26.493,0.358,Mexico
2011-07-01,25.611,0.231,Mexico
2011-08-01,26.261999999999997,0.1669999999999999,Mexico
2011-09-01,24.834,0.126,Mexico
2011-10-01,21.836,0.132,Mexico
2011-11-01,18.449,0.313,Mexico
2011-12-01,15.14,0.371,Mexico
2012-01-01,16.185,0.386,Mexico
2012-02-01,16.951,0.241,Mexico
2012-03-01,19.947000000000006,0.213,Mexico
2012-04-01,22.474,0.327,Mexico
2012-05-01,24.956999999999997,0.222,Mexico
2012-06-01,26.097,0.338,Mexico
2012-07-01,25.298,0.5,Mexico
2012-08-01,25.680999999999997,0.336,Mexico
2012-09-01,24.224,0.222,Mexico
2012-10-01,22.289,0.399,Mexico
2012-11-01,19.107,0.38,Mexico
2012-12-01,16.619,0.33,Mexico
2013-01-01,15.299,0.301,Mexico
2013-02-01,17.361,0.305,Mexico
2013-03-01,19.421000000000006,0.291,Mexico
2013-04-01,21.986,0.273,Mexico
2013-05-01,24.113000000000003,0.294,Mexico
2013-06-01,26.225,0.201,Mexico
2013-07-01,25.304,0.251,Mexico
2013-08-01,25.274,0.344,Mexico
2013-09-01,24.99,1.026,Mexico
